Age,Attrition,BusinessTravel,DailyRate,Department,DistanceFromHome,Education,EducationField,EnvironmentSatisfaction,Gender,HourlyRate,JobInvolvement,JobLevel,JobRole,JobSatisfaction,MaritalStatus,MonthlyIncome,MonthlyRate,NumCompaniesWorked,OverTime,PercentSalaryHike,PerformanceRating,RelationshipSatisfaction,StockOptionLevel,TotalWorkingYears,TrainingTimesLastYear,WorkLifeBalance,YearsAtCompany,YearsInCurrentRole,YearsSinceLastPromotion,YearsWithCurrManager,AgeWhenStarted,AvgYearsPerCompany,StabilityInRole,LoyaltyToManager,CompanyLoyalty,PromotionFrequency,AvgTrainingPerYear,IncomePerKm,AvgMonthlyIncomePerYear,AgeGroup
37,1.0,Travel_Rarely,1141,Research & Development,11,2,Medical,1,Female,61,1,2,Healthcare Representative,2,Married,4777,14382,5,No,15,3,1,0,15,2,1,1,0,0,0,22,3.0,0.0,0.0,0.06666666666666667,1.0,2.0,103.72727272727273,4777.0,36-40
51,1.0,Travel_Rarely,1323,Research & Development,4,4,Life Sciences,1,Male,34,3,1,Research Scientist,3,Married,2461,10332,9,Yes,12,3,3,3,18,2,4,10,0,2,7,33,2.0,0.0,0.7,0.5555555555555556,3.3333333333333335,0.2,330.75,246.1,51-65
42,0.0,Travel_Frequently,555,Sales,26,3,Marketing,3,Female,77,3,4,Sales Executive,2,Married,13525,14864,5,No,14,3,4,1,23,2,4,20,4,4,8,19,4.6,0.2,0.4,0.8695652173913043,4.0,0.1,21.346153846153847,676.25,41-50
40,0.0,Travel_Rarely,1124,Sales,1,2,Medical,2,Male,57,1,2,Sales Executive,4,Married,7457,13273,2,Yes,22,4,3,3,6,2,2,4,3,0,2,34,3.0,0.75,0.5,0.6666666666666666,4.0,0.5,1124.0,1864.25,36-40
55,1.0,Travel_Rarely,725,Research & Development,2,3,Medical,4,Male,78,3,5,Manager,1,Married,19859,21199,5,Yes,13,3,4,1,24,2,3,5,2,1,4,31,4.8,0.4,0.8,0.20833333333333334,2.5,0.4,362.5,3971.8,51-65
36,0.0,Travel_Frequently,635,Research & Development,18,1,Medical,2,Female,73,3,1,Laboratory Technician,4,Single,2153,7703,1,No,13,3,1,0,8,2,3,8,1,1,7,28,8.0,0.125,0.875,1.0,4.0,0.25,35.27777777777778,269.125,36-40
32,0.0,Travel_Rarely,1018,Research & Development,3,2,Life Sciences,3,Female,39,3,3,Research Director,4,Single,11159,19373,3,No,15,3,4,0,10,6,3,7,7,7,7,22,3.3333333333333335,1.0,1.0,0.7,0.875,0.8571428571428571,339.3333333333333,1594.142857142857,31-35
25,0.0,Travel_Rarely,583,Sales,4,1,Marketing,3,Male,87,2,2,Sales Executive,1,Married,4256,18154,1,No,12,3,1,0,5,1,4,5,2,0,3,20,5.0,0.4,0.6,1.0,5.0,0.2,145.75,851.2,15-25
20,1.0,Travel_Rarely,129,Research & Development,4,3,Technical Degree,1,Male,84,3,1,Laboratory Technician,1,Single,2973,13008,1,No,19,3,2,0,1,2,3,1,0,0,0,19,1.0,0.0,0.0,1.0,1.0,2.0,32.25,2973.0,15-25
42,0.0,Travel_Rarely,810,Research & Development,23,5,Life Sciences,1,Female,44,3,4,Research Director,4,Single,15992,15901,2,No,14,3,2,0,16,2,3,1,0,0,0,26,8.0,0.0,0.0,0.0625,1.0,2.0,35.21739130434783,15992.0,41-50
31,0.0,Travel_Rarely,616,Research & Development,12,3,Medical,4,Female,41,3,2,Healthcare Representative,4,Married,5855,17369,0,Yes,11,3,3,2,10,2,1,9,7,8,5,21,40.0,0.7777777777777778,0.5555555555555556,0.9,1.0,0.2222222222222222,51.333333333333336,650.5555555555555,31-35
38,0.0,Non-Travel,573,Research & Development,6,3,Medical,2,Female,79,1,2,Research Scientist,4,Divorced,5329,15717,7,Yes,12,3,4,3,17,3,3,13,11,1,9,21,2.4285714285714284,0.8461538461538461,0.6923076923076923,0.7647058823529411,6.5,0.23076923076923078,95.5,409.9230769230769,36-40
39,0.0,Travel_Rarely,408,Research & Development,2,4,Technical Degree,4,Female,80,2,2,Healthcare Representative,3,Single,4553,20978,1,No,11,3,1,0,20,4,3,20,7,11,10,19,20.0,0.35,0.5,1.0,1.6666666666666667,0.2,204.0,227.65,36-40
54,0.0,Travel_Rarely,821,Research & Development,5,2,Medical,1,Male,86,3,5,Research Director,1,Married,19406,8509,4,No,11,3,3,1,24,4,2,4,2,1,2,30,6.0,0.5,0.5,0.16666666666666666,2.0,1.0,164.2,4851.5,51-65
49,0.0,Travel_Rarely,1098,Research & Development,4,2,Medical,1,Male,85,2,5,Manager,3,Married,18711,12124,2,No,13,3,3,1,23,2,4,1,0,0,0,26,11.5,0.0,0.0,0.043478260869565216,1.0,2.0,274.5,18711.0,41-50
24,0.0,Travel_Rarely,691,Research & Development,23,3,Medical,2,Male,89,4,1,Research Scientist,4,Married,2725,21630,1,Yes,11,3,2,2,6,3,3,6,5,1,4,18,6.0,0.8333333333333334,0.6666666666666666,1.0,3.0,0.5,30.043478260869566,454.1666666666667,15-25
40,0.0,Travel_Rarely,302,Research & Development,6,3,Life Sciences,2,Female,75,3,4,Manufacturing Director,3,Single,13237,20364,7,No,15,3,3,0,22,3,3,20,6,5,13,18,3.142857142857143,0.3,0.65,0.9090909090909091,3.3333333333333335,0.15,50.333333333333336,661.85,36-40
41,0.0,Non-Travel,267,Sales,10,2,Life Sciences,4,Male,56,3,2,Sales Executive,4,Single,6230,13430,7,No,14,3,4,0,16,3,3,14,3,1,10,25,2.2857142857142856,0.21428571428571427,0.7142857142857143,0.875,7.0,0.21428571428571427,26.7,445.0,41-50
32,0.0,Travel_Rarely,588,Sales,8,2,Technical Degree,3,Female,65,2,2,Sales Executive,2,Married,5228,24624,1,Yes,11,3,4,0,13,2,3,13,12,11,9,19,13.0,0.9230769230769231,0.6923076923076923,1.0,1.0833333333333333,0.15384615384615385,73.5,402.15384615384613,31-35
24,1.0,Travel_Rarely,813,Research & Development,1,3,Medical,2,Male,61,3,1,Research Scientist,4,Married,2293,3020,2,Yes,16,3,1,1,6,2,2,2,0,2,0,18,3.0,0.0,0.0,0.3333333333333333,0.6666666666666666,1.0,813.0,1146.5,15-25
39,0.0,Travel_Rarely,412,Research & Development,13,4,Medical,3,Female,94,2,4,Manager,2,Divorced,17123,17334,6,Yes,13,3,4,2,21,4,3,19,9,15,2,18,3.5,0.47368421052631576,0.10526315789473684,0.9047619047619048,1.1875,0.21052631578947367,31.692307692307693,901.2105263157895,36-40
59,0.0,Travel_Rarely,818,Human Resources,6,2,Medical,2,Male,52,3,1,Human Resources,3,Married,2267,25657,8,No,17,3,4,0,7,2,2,2,2,2,2,52,0.875,1.0,1.0,0.2857142857142857,0.6666666666666666,1.0,136.33333333333334,1133.5,51-65
36,0.0,Travel_Rarely,1425,Research & Development,14,1,Life Sciences,3,Male,68,3,2,Healthcare Representative,4,Married,6586,4821,0,Yes,17,3,1,1,17,2,2,16,8,4,11,19,40.0,0.5,0.6875,0.9411764705882353,3.2,0.125,101.78571428571429,411.625,36-40
30,0.0,Travel_Rarely,853,Research & Development,7,4,Life Sciences,3,Male,49,3,2,Laboratory Technician,3,Divorced,3491,11309,1,No,13,3,1,3,10,4,2,10,7,8,9,20,10.0,0.7,0.9,1.0,1.1111111111111112,0.4,121.85714285714286,349.1,26-30
38,0.0,Travel_Rarely,433,Human Resources,1,3,Human Resources,3,Male,37,4,1,Human Resources,3,Married,2844,6004,1,No,13,3,4,1,7,2,4,7,6,5,0,31,7.0,0.8571428571428571,0.0,1.0,1.1666666666666667,0.2857142857142857,433.0,406.2857142857143,36-40
28,1.0,Travel_Frequently,1496,Sales,1,3,Technical Degree,1,Male,92,3,1,Sales Representative,3,Married,2909,15747,3,No,15,3,4,1,5,3,4,3,2,1,2,23,1.6666666666666667,0.6666666666666666,0.6666666666666666,0.6,1.5,1.0,1496.0,969.6666666666666,26-30
31,0.0,Travel_Rarely,192,Research & Development,2,4,Life Sciences,3,Male,32,3,1,Research Scientist,4,Divorced,2695,7747,0,Yes,18,3,2,1,3,2,1,2,2,2,2,28,40.0,1.0,1.0,0.6666666666666666,0.6666666666666666,1.0,96.0,1347.5,31-35
36,0.0,Non-Travel,845,Sales,1,5,Medical,4,Female,45,3,2,Sales Executive,4,Single,6653,15276,4,No,15,3,2,0,7,6,3,1,0,0,0,29,1.75,0.0,0.0,0.14285714285714285,1.0,6.0,845.0,6653.0,36-40
32,0.0,Travel_Rarely,427,Research & Development,1,3,Medical,1,Male,33,3,2,Manufacturing Director,4,Married,6162,10877,1,Yes,22,4,2,1,9,3,3,9,8,7,8,23,9.0,0.8888888888888888,0.8888888888888888,1.0,1.125,0.3333333333333333,427.0,684.6666666666666,31-35
28,0.0,Non-Travel,120,Sales,4,3,Medical,2,Male,43,3,2,Sales Executive,3,Married,4221,8863,1,No,15,3,2,0,5,3,4,5,4,0,4,23,5.0,0.8,0.8,1.0,5.0,0.6,30.0,844.2,26-30
31,1.0,Travel_Rarely,249,Sales,6,4,Life Sciences,2,Male,76,1,2,Sales Executive,3,Married,6172,20739,4,Yes,18,3,2,0,12,3,2,7,7,7,7,19,3.0,1.0,1.0,0.5833333333333334,0.875,0.42857142857142855,41.5,881.7142857142857,31-35
50,0.0,Travel_Rarely,316,Sales,8,4,Marketing,4,Male,54,3,1,Sales Representative,2,Married,3875,9983,7,No,15,3,4,1,4,2,3,2,2,2,2,46,0.5714285714285714,1.0,1.0,0.5,0.6666666666666666,1.0,39.5,1937.5,41-50
39,0.0,Travel_Rarely,1132,Research & Development,1,3,Medical,3,Male,48,4,3,Healthcare Representative,4,Divorced,9613,10942,0,No,17,3,1,3,19,5,2,18,10,3,7,20,40.0,0.5555555555555556,0.3888888888888889,0.9473684210526315,4.5,0.2777777777777778,1132.0,534.0555555555555,36-40
35,0.0,Travel_Rarely,809,Research & Development,16,3,Medical,1,Male,84,4,1,Laboratory Technician,2,Married,2426,16479,0,No,13,3,3,1,6,5,3,5,4,0,3,29,40.0,0.8,0.6,0.8333333333333334,5.0,1.0,50.5625,485.2,31-35
32,0.0,Travel_Frequently,379,Sales,5,2,Life Sciences,2,Male,48,3,2,Sales Executive,2,Married,6524,8891,1,No,14,3,4,1,10,3,3,10,8,5,3,22,10.0,0.8,0.3,1.0,1.6666666666666667,0.3,75.8,652.4,31-35
26,1.0,Travel_Rarely,1330,Research & Development,21,3,Medical,1,Male,37,3,1,Laboratory Technician,3,Divorced,2377,19373,1,No,20,4,3,1,1,0,2,1,1,0,0,25,1.0,1.0,0.0,1.0,1.0,0.0,63.333333333333336,2377.0,26-30
30,0.0,Travel_Rarely,288,Research & Development,2,3,Life Sciences,3,Male,99,2,2,Healthcare Representative,4,Married,4152,15830,1,No,19,3,1,3,11,3,3,11,10,10,8,19,11.0,0.9090909090909091,0.7272727272727273,1.0,1.0,0.2727272727272727,144.0,377.45454545454544,26-30
38,0.0,Travel_Frequently,216,Research & Development,23,3,Life Sciences,4,Male,44,2,3,Manufacturing Director,3,Single,9526,8787,0,No,21,4,2,0,10,2,3,9,7,1,8,28,40.0,0.7777777777777778,0.8888888888888888,0.9,4.5,0.2222222222222222,9.391304347826088,1058.4444444444443,36-40
21,0.0,Travel_Rarely,1343,Sales,22,1,Technical Degree,3,Male,49,3,1,Sales Representative,3,Single,3447,24444,1,No,11,3,3,0,3,2,3,3,2,1,2,18,3.0,0.6666666666666666,0.6666666666666666,1.0,1.5,0.6666666666666666,61.04545454545455,1149.0,15-25
35,0.0,Travel_Rarely,950,Research & Development,7,3,Other,3,Male,59,3,3,Manufacturing Director,3,Single,10221,18869,3,No,21,4,2,0,17,3,4,8,5,1,6,18,5.666666666666667,0.625,0.75,0.47058823529411764,4.0,0.375,135.71428571428572,1277.625,31-35
26,0.0,Travel_Frequently,1479,Research & Development,1,3,Life Sciences,3,Female,84,3,2,Manufacturing Director,2,Divorced,6397,26767,1,No,20,4,1,1,6,6,1,6,5,1,4,20,6.0,0.8333333333333334,0.6666666666666666,1.0,3.0,1.0,1479.0,1066.1666666666667,26-30
31,1.0,Travel_Frequently,523,Research & Development,2,3,Life Sciences,2,Male,94,3,1,Laboratory Technician,4,Married,3722,21081,6,Yes,13,3,3,1,7,2,1,2,2,2,2,24,1.1666666666666667,1.0,1.0,0.2857142857142857,0.6666666666666666,1.0,261.5,1861.0,31-35
32,0.0,Travel_Rarely,1062,Research & Development,2,3,Medical,3,Female,75,3,1,Laboratory Technician,2,Married,2370,3956,1,No,13,3,3,1,8,4,3,8,0,0,7,24,8.0,0.0,0.875,1.0,8.0,0.5,531.0,296.25,31-35
32,0.0,Travel_Rarely,929,Sales,10,3,Marketing,4,Male,55,3,2,Sales Executive,4,Single,5396,21703,1,No,12,3,4,0,10,2,2,10,7,0,8,22,10.0,0.7,0.8,1.0,10.0,0.2,92.9,539.6,31-35
34,0.0,Travel_Rarely,1303,Research & Development,2,4,Life Sciences,4,Male,62,2,1,Research Scientist,3,Divorced,2768,8416,3,No,12,3,3,1,14,3,3,7,3,5,7,20,4.666666666666667,0.42857142857142855,1.0,0.5,1.1666666666666667,0.42857142857142855,651.5,395.42857142857144,31-35
33,0.0,Travel_Frequently,553,Research & Development,5,4,Life Sciences,4,Female,74,3,3,Manager,2,Married,11878,23364,6,No,11,3,2,2,12,2,3,10,6,8,8,21,2.0,0.6,0.8,0.8333333333333334,1.1111111111111112,0.2,110.6,1187.8,31-35
47,0.0,Travel_Rarely,983,Research & Development,2,2,Medical,1,Female,65,3,2,Manufacturing Director,4,Divorced,5070,7389,5,No,13,3,3,3,20,2,3,5,0,0,4,27,4.0,0.0,0.8,0.25,5.0,0.4,491.5,1014.0,41-50
30,0.0,Travel_Rarely,921,Research & Development,1,3,Life Sciences,4,Male,38,1,1,Laboratory Technician,3,Married,3833,24375,3,No,21,4,3,2,7,2,3,2,2,0,2,23,2.3333333333333335,1.0,1.0,0.2857142857142857,2.0,1.0,921.0,1916.5,26-30
58,0.0,Travel_Rarely,1145,Research & Development,9,3,Medical,2,Female,75,2,1,Research Scientist,2,Married,3346,11873,4,Yes,20,4,2,1,9,3,2,1,0,0,0,49,2.25,0.0,0.0,0.1111111111111111,1.0,3.0,127.22222222222223,3346.0,51-65
37,1.0,Travel_Rarely,625,Sales,1,4,Life Sciences,1,Male,46,2,3,Sales Executive,3,Married,10609,14922,5,No,11,3,3,0,17,2,1,14,1,11,7,20,3.4,0.07142857142857142,0.5,0.8235294117647058,1.1666666666666667,0.14285714285714285,625.0,757.7857142857143,36-40
38,0.0,Travel_Rarely,1380,Research & Development,9,2,Life Sciences,3,Female,75,3,1,Laboratory Technician,4,Single,2288,6319,1,No,12,3,3,0,2,3,3,2,2,2,1,36,2.0,1.0,0.5,1.0,0.6666666666666666,1.5,153.33333333333334,1144.0,36-40
43,1.0,Travel_Rarely,1372,Sales,9,3,Marketing,1,Female,85,1,2,Sales Executive,3,Single,5346,9489,8,No,13,3,2,0,7,2,2,4,3,1,3,36,0.875,0.75,0.75,0.5714285714285714,2.0,0.5,152.44444444444446,1336.5,41-50
52,0.0,Travel_Frequently,322,Research & Development,28,2,Medical,4,Female,59,4,4,Manufacturing Director,3,Married,13247,9731,2,Yes,11,3,2,1,24,3,2,5,3,0,2,28,12.0,0.6,0.4,0.20833333333333334,5.0,0.6,11.5,2649.4,51-65
44,0.0,Travel_Rarely,1488,Sales,1,5,Marketing,2,Female,75,3,2,Sales Executive,1,Divorced,5454,4009,5,Yes,21,4,3,1,9,2,2,4,3,1,3,35,1.8,0.75,0.75,0.4444444444444444,2.0,0.5,1488.0,1363.5,41-50
59,0.0,Travel_Rarely,142,Research & Development,3,3,Life Sciences,3,Male,70,2,1,Research Scientist,4,Married,2177,8456,3,No,17,3,1,1,7,6,3,1,0,0,0,52,2.3333333333333335,0.0,0.0,0.14285714285714285,1.0,6.0,47.333333333333336,2177.0,51-65
42,0.0,Non-Travel,926,Research & Development,21,2,Medical,3,Female,36,3,2,Manufacturing Director,3,Divorced,5265,16439,2,No,16,3,2,1,11,5,3,5,3,0,2,31,5.5,0.6,0.4,0.45454545454545453,5.0,1.0,44.095238095238095,1053.0,41-50
45,0.0,Travel_Rarely,561,Sales,2,3,Other,4,Male,61,3,2,Sales Executive,2,Married,4805,16177,0,No,19,3,2,1,9,3,4,8,7,3,7,36,40.0,0.875,0.875,0.8888888888888888,2.0,0.375,280.5,600.625,41-50
21,1.0,Travel_Rarely,1427,Research & Development,18,1,Other,4,Female,65,3,1,Research Scientist,4,Single,2693,8870,1,No,19,3,1,0,1,3,2,1,0,0,0,20,1.0,0.0,0.0,1.0,1.0,3.0,79.27777777777777,2693.0,15-25
23,0.0,Travel_Rarely,885,Research & Development,4,3,Medical,1,Male,58,4,1,Research Scientist,1,Married,2819,8544,2,No,16,3,1,1,5,3,4,3,2,0,2,18,2.5,0.6666666666666666,0.6666666666666666,0.6,3.0,1.0,221.25,939.6666666666666,15-25
54,0.0,Travel_Rarely,1147,Sales,3,3,Marketing,4,Female,52,3,2,Sales Executive,1,Married,5940,17011,2,No,14,3,4,1,16,4,3,6,2,0,5,38,8.0,0.3333333333333333,0.8333333333333334,0.375,6.0,0.6666666666666666,382.3333333333333,990.0,51-65
41,0.0,Travel_Rarely,509,Research & Development,7,2,Technical Degree,2,Female,43,4,1,Research Scientist,3,Married,3376,18863,1,No,13,3,3,0,10,3,3,10,6,0,8,31,10.0,0.6,0.8,1.0,10.0,0.3,72.71428571428571,337.6,41-50
45,0.0,Travel_Rarely,1038,Research & Development,20,3,Medical,2,Male,95,1,3,Healthcare Representative,1,Divorced,10851,19863,2,Yes,18,3,2,1,24,2,3,7,7,0,7,21,12.0,1.0,1.0,0.2916666666666667,7.0,0.2857142857142857,51.9,1550.142857142857,41-50
45,0.0,Non-Travel,1052,Sales,6,3,Medical,4,Female,57,2,3,Sales Executive,4,Single,8865,16840,6,No,12,3,4,0,23,2,3,19,7,12,8,22,3.8333333333333335,0.3684210526315789,0.42105263157894735,0.8260869565217391,1.4615384615384615,0.10526315789473684,175.33333333333334,466.57894736842104,41-50
55,0.0,Travel_Rarely,111,Sales,1,2,Life Sciences,1,Male,70,3,3,Sales Executive,4,Married,10239,18092,3,No,14,3,4,1,24,4,3,1,0,1,0,31,8.0,0.0,0.0,0.041666666666666664,0.5,4.0,111.0,10239.0,51-65
34,0.0,Travel_Frequently,1069,Research & Development,2,1,Life Sciences,4,Male,45,2,2,Manufacturing Director,3,Married,9547,14074,1,No,17,3,3,0,10,2,2,10,9,1,9,24,10.0,0.9,0.9,1.0,5.0,0.2,534.5,954.7,31-35
57,0.0,Travel_Rarely,405,Research & Development,1,2,Life Sciences,2,Male,93,4,2,Research Scientist,3,Married,4900,2721,0,No,24,4,1,1,13,2,2,12,9,2,8,44,40.0,0.75,0.6666666666666666,0.9230769230769231,4.0,0.16666666666666666,405.0,408.3333333333333,51-65
33,0.0,Travel_Rarely,147,Research & Development,4,4,Medical,3,Female,47,2,1,Research Scientist,2,Married,2622,13248,6,No,21,4,4,0,7,3,3,3,2,1,1,26,1.1666666666666667,0.6666666666666666,0.3333333333333333,0.42857142857142855,1.5,1.0,36.75,874.0,31-35
32,0.0,Non-Travel,300,Research & Development,1,3,Life Sciences,4,Male,61,3,1,Laboratory Technician,4,Divorced,2314,9148,0,No,12,3,2,1,4,2,3,3,0,0,2,28,40.0,0.0,0.6666666666666666,0.75,3.0,0.6666666666666666,300.0,771.3333333333334,31-35
21,1.0,Travel_Frequently,251,Research & Development,10,2,Life Sciences,1,Female,45,2,1,Laboratory Technician,3,Single,2625,25308,1,No,20,4,3,0,2,2,1,2,2,2,2,19,2.0,1.0,1.0,1.0,0.6666666666666666,1.0,25.1,1312.5,15-25
34,1.0,Travel_Frequently,296,Sales,6,2,Marketing,4,Female,33,1,1,Sales Representative,3,Divorced,2351,12253,0,No,16,3,4,1,3,3,2,2,2,1,0,31,40.0,1.0,0.0,0.6666666666666666,1.0,1.5,49.333333333333336,1175.5,31-35
27,0.0,Travel_Frequently,1242,Sales,20,3,Life Sciences,4,Female,90,3,2,Sales Executive,3,Single,9981,12916,1,No,14,3,4,0,7,2,3,7,7,0,7,20,7.0,1.0,1.0,1.0,7.0,0.2857142857142857,62.1,1425.857142857143,26-30
36,0.0,Travel_Rarely,917,Research & Development,6,4,Life Sciences,3,Male,60,1,1,Laboratory Technician,3,Divorced,2741,6865,1,No,14,3,3,1,7,4,3,7,7,1,7,29,7.0,1.0,1.0,1.0,3.5,0.5714285714285714,152.83333333333334,391.57142857142856,36-40
41,1.0,Travel_Rarely,1360,Research & Development,12,3,Technical Degree,2,Female,49,3,5,Research Director,3,Married,19545,16280,1,No,12,3,4,0,23,0,3,22,15,15,8,18,23.0,0.6818181818181818,0.36363636363636365,0.9565217391304348,1.375,0.0,113.33333333333333,888.4090909090909,41-50
33,0.0,Travel_Frequently,1296,Research & Development,6,3,Life Sciences,3,Male,30,3,2,Healthcare Representative,4,Divorced,7725,5335,3,No,23,4,3,1,15,2,1,13,11,4,7,18,5.0,0.8461538461538461,0.5384615384615384,0.8666666666666667,2.6,0.15384615384615385,216.0,594.2307692307693,31-35
18,1.0,Non-Travel,247,Research & Development,8,1,Medical,3,Male,80,3,1,Laboratory Technician,3,Single,1904,13556,1,No,12,3,4,0,0,0,3,0,0,0,0,18,0.0,,,,0.0,6.0,30.875,18711.0,15-25
27,0.0,Travel_Rarely,894,Research & Development,9,3,Medical,4,Female,99,3,1,Research Scientist,2,Single,2279,11781,1,No,16,3,4,0,7,2,2,7,7,0,3,20,7.0,1.0,0.42857142857142855,1.0,7.0,0.2857142857142857,99.33333333333333,325.57142857142856,26-30
22,0.0,Travel_Rarely,1230,Research & Development,1,2,Life Sciences,4,Male,33,2,2,Manufacturing Director,4,Married,4775,19146,6,No,22,4,1,2,4,2,1,2,2,2,2,18,0.6666666666666666,1.0,1.0,0.5,0.6666666666666666,1.0,1230.0,2387.5,15-25
33,1.0,Travel_Rarely,813,Research & Development,14,3,Medical,3,Male,58,3,1,Laboratory Technician,4,Married,2436,22149,5,Yes,13,3,3,1,8,2,1,5,4,0,4,25,1.6,0.8,0.8,0.625,5.0,0.4,58.07142857142857,487.2,31-35
42,0.0,Travel_Frequently,1368,Research & Development,28,4,Technical Degree,4,Female,88,2,2,Healthcare Representative,4,Married,4523,4386,0,No,11,3,4,3,7,4,4,6,5,0,4,35,40.0,0.8333333333333334,0.6666666666666666,0.8571428571428571,6.0,0.6666666666666666,48.857142857142854,753.8333333333334,41-50
29,0.0,Travel_Frequently,806,Research & Development,1,4,Life Sciences,2,Male,76,1,1,Research Scientist,4,Divorced,2720,18959,1,No,18,3,4,1,10,5,3,10,7,2,8,19,10.0,0.7,0.8,1.0,3.3333333333333335,0.5,806.0,272.0,26-30
35,0.0,Travel_Rarely,817,Research & Development,1,3,Medical,4,Female,60,2,2,Laboratory Technician,4,Married,5363,10846,0,No,12,3,2,1,10,0,3,9,7,0,0,25,40.0,0.7777777777777778,0.0,0.9,9.0,0.0,817.0,595.8888888888889,31-35
37,0.0,Non-Travel,142,Sales,9,4,Medical,1,Male,69,3,3,Sales Executive,2,Divorced,8834,24666,1,No,13,3,4,1,9,6,3,9,5,7,7,28,9.0,0.5555555555555556,0.7777777777777778,1.0,1.125,0.6666666666666666,15.777777777777779,981.5555555555555,36-40
52,1.0,Travel_Rarely,266,Sales,2,1,Marketing,1,Female,57,1,5,Manager,4,Married,19845,25846,1,No,15,3,4,1,33,3,3,32,14,6,9,19,33.0,0.4375,0.28125,0.9696969696969697,4.571428571428571,0.09375,133.0,620.15625,51-65
31,0.0,Travel_Rarely,218,Sales,7,3,Technical Degree,2,Male,100,4,2,Sales Executive,4,Married,6929,12241,4,No,11,3,2,1,10,3,2,8,7,7,7,21,2.5,0.875,0.875,0.8,1.0,0.375,31.142857142857142,866.125,31-35
29,0.0,Travel_Rarely,1396,Sales,10,3,Life Sciences,3,Male,99,3,1,Sales Representative,3,Single,2642,2755,1,No,11,3,3,0,1,6,3,1,0,0,0,28,1.0,0.0,0.0,1.0,1.0,6.0,139.6,2642.0,26-30
32,1.0,Non-Travel,1474,Sales,11,4,Other,4,Male,60,4,2,Sales Executive,3,Married,4707,23914,8,No,12,3,4,0,6,2,3,4,2,1,2,26,0.75,0.5,0.5,0.6666666666666666,2.0,0.5,134.0,1176.75,31-35
35,0.0,Non-Travel,1097,Research & Development,11,2,Medical,3,Male,79,2,3,Healthcare Representative,1,Married,9884,8302,2,Yes,13,3,3,1,10,3,3,4,0,2,3,25,5.0,0.0,0.75,0.4,1.3333333333333333,0.75,99.72727272727273,2471.0,31-35
43,0.0,Travel_Rarely,920,Research & Development,3,3,Life Sciences,3,Male,96,1,5,Research Director,4,Married,19740,18625,3,No,14,3,2,1,25,2,3,8,7,0,7,18,8.333333333333334,0.875,0.875,0.32,8.0,0.25,306.6666666666667,2467.5,41-50
33,0.0,Travel_Rarely,134,Research & Development,2,3,Life Sciences,3,Male,90,3,1,Research Scientist,4,Single,2500,10515,0,No,14,3,1,0,4,2,4,3,1,0,2,29,40.0,0.3333333333333333,0.6666666666666666,0.75,3.0,0.6666666666666666,67.0,833.3333333333334,31-35
37,0.0,Travel_Rarely,309,Sales,10,4,Life Sciences,4,Female,88,2,2,Sales Executive,4,Divorced,6694,24223,2,Yes,14,3,3,3,8,5,3,1,0,0,0,29,4.0,0.0,0.0,0.125,1.0,5.0,30.9,6694.0,36-40
27,1.0,Travel_Rarely,135,Research & Development,17,4,Life Sciences,4,Female,51,3,1,Research Scientist,3,Single,2394,25681,1,Yes,13,3,4,0,8,2,3,8,2,7,7,19,8.0,0.25,0.875,1.0,1.0,0.25,7.9411764705882355,299.25,26-30
28,0.0,Travel_Rarely,1451,Research & Development,2,1,Life Sciences,1,Male,67,2,1,Research Scientist,2,Married,3201,19911,0,No,17,3,1,0,6,2,1,5,3,0,4,22,40.0,0.6,0.8,0.8333333333333334,5.0,0.4,725.5,640.2,26-30
27,0.0,Travel_Frequently,294,Research & Development,10,2,Life Sciences,4,Male,32,3,3,Manufacturing Director,1,Divorced,8793,4809,1,No,21,4,3,2,9,4,2,9,7,1,7,18,9.0,0.7777777777777778,0.7777777777777778,1.0,4.5,0.4444444444444444,29.4,977.0,26-30
37,0.0,Travel_Rarely,342,Sales,16,4,Marketing,4,Male,66,2,2,Sales Executive,3,Divorced,6334,24558,4,No,19,3,4,2,9,2,3,1,0,0,0,28,2.25,0.0,0.0,0.1111111111111111,1.0,2.0,21.375,6334.0,36-40
27,0.0,Travel_Rarely,199,Research & Development,6,3,Life Sciences,4,Male,55,2,1,Research Scientist,3,Married,2539,7950,1,No,13,3,3,1,4,0,3,4,2,2,2,23,4.0,0.5,0.5,1.0,1.3333333333333333,0.0,33.166666666666664,634.75,26-30
37,0.0,Travel_Frequently,319,Sales,4,4,Marketing,1,Male,41,3,1,Sales Representative,4,Divorced,2793,2539,4,No,17,3,3,1,13,2,3,9,8,5,8,24,3.25,0.8888888888888888,0.8888888888888888,0.6923076923076923,1.5,0.2222222222222222,79.75,310.3333333333333,36-40
31,0.0,Travel_Rarely,1062,Research & Development,24,3,Medical,3,Female,96,2,2,Healthcare Representative,1,Single,6812,17198,1,No,19,3,2,0,10,2,3,10,9,1,8,21,10.0,0.9,0.8,1.0,5.0,0.2,44.25,681.2,31-35
48,0.0,Travel_Rarely,715,Research & Development,1,3,Life Sciences,4,Male,76,2,5,Research Director,4,Single,18265,8733,6,No,12,3,3,0,25,3,4,1,0,0,0,23,4.166666666666667,0.0,0.0,0.04,1.0,3.0,715.0,18265.0,41-50
36,0.0,Travel_Rarely,676,Research & Development,1,3,Other,3,Female,35,3,2,Manufacturing Director,2,Married,5228,23361,0,No,15,3,1,1,10,2,3,9,7,0,5,26,40.0,0.7777777777777778,0.5555555555555556,0.9,9.0,0.2222222222222222,676.0,580.8888888888889,36-40
37,0.0,Travel_Rarely,977,Research & Development,1,3,Life Sciences,4,Female,56,2,2,Manufacturing Director,4,Married,6474,9961,1,No,13,3,2,1,14,2,2,14,8,3,11,23,14.0,0.5714285714285714,0.7857142857142857,1.0,3.5,0.14285714285714285,977.0,462.42857142857144,36-40
38,0.0,Travel_Rarely,702,Sales,1,4,Life Sciences,1,Female,59,2,2,Sales Executive,4,Single,8686,12930,4,No,22,4,3,0,12,2,4,8,3,0,7,26,3.0,0.375,0.875,0.6666666666666666,8.0,0.25,702.0,1085.75,36-40
32,0.0,Travel_Rarely,117,Sales,13,4,Life Sciences,2,Male,73,3,2,Sales Executive,4,Divorced,4403,9250,2,No,11,3,3,1,8,3,2,5,2,0,3,24,4.0,0.4,0.6,0.625,5.0,0.6,9.0,880.6,31-35
28,0.0,Travel_Rarely,857,Research & Development,10,3,Other,3,Female,59,3,2,Research Scientist,3,Single,3660,7909,3,No,13,3,4,0,10,4,4,8,7,1,7,18,3.3333333333333335,0.875,0.875,0.8,4.0,0.5,85.7,457.5,26-30
43,0.0,Travel_Frequently,957,Research & Development,28,3,Medical,2,Female,72,4,1,Research Scientist,3,Single,4739,16090,4,No,12,3,4,0,18,2,3,3,2,1,2,25,4.5,0.6666666666666666,0.6666666666666666,0.16666666666666666,1.5,0.6666666666666666,34.17857142857143,1579.6666666666667,41-50
30,0.0,Travel_Rarely,1465,Research & Development,1,3,Medical,4,Male,63,3,1,Research Scientist,2,Married,3579,9369,0,Yes,21,4,1,1,12,2,3,11,9,5,7,18,40.0,0.8181818181818182,0.6363636363636364,0.9166666666666666,1.8333333333333333,0.18181818181818182,1465.0,325.3636363636364,26-30
33,0.0,Non-Travel,722,Sales,17,3,Life Sciences,4,Male,38,3,4,Manager,3,Single,17444,20489,1,No,11,3,4,0,10,2,3,10,8,6,0,23,10.0,0.8,0.0,1.0,1.4285714285714286,0.2,42.470588235294116,1744.4,31-35
43,0.0,Travel_Rarely,177,Research & Development,8,3,Life Sciences,1,Female,55,3,2,Manufacturing Director,2,Divorced,4765,23814,4,No,21,4,3,1,4,2,4,1,0,0,0,39,1.0,0.0,0.0,0.25,1.0,2.0,22.125,4765.0,41-50
42,0.0,Travel_Frequently,458,Research & Development,26,5,Medical,1,Female,60,3,3,Research Director,1,Married,13191,23281,3,Yes,17,3,3,0,20,6,3,1,0,0,0,22,6.666666666666667,0.0,0.0,0.05,1.0,6.0,17.615384615384617,13191.0,41-50
37,0.0,Travel_Rarely,921,Research & Development,10,3,Medical,3,Female,98,3,1,Laboratory Technician,1,Married,3452,17663,6,No,20,4,2,1,17,3,3,5,4,0,3,20,2.8333333333333335,0.8,0.6,0.29411764705882354,5.0,0.6,92.1,690.4,36-40
24,0.0,Travel_Frequently,535,Sales,24,3,Medical,4,Male,38,3,1,Sales Representative,4,Married,2400,5530,0,No,13,3,3,2,3,3,3,2,2,2,1,21,40.0,1.0,0.5,0.6666666666666666,0.6666666666666666,1.5,22.291666666666668,1200.0,15-25
37,0.0,Non-Travel,1063,Research & Development,25,5,Medical,2,Female,72,3,2,Research Scientist,3,Married,4449,23866,3,Yes,15,3,1,2,15,2,3,13,11,10,7,22,5.0,0.8461538461538461,0.5384615384615384,0.8666666666666667,1.1818181818181819,0.15384615384615385,42.52,342.2307692307692,36-40
37,0.0,Travel_Rarely,558,Sales,2,3,Marketing,4,Male,75,3,2,Sales Executive,3,Married,9602,3010,4,Yes,11,3,3,1,17,3,2,3,0,1,0,20,4.25,0.0,0.0,0.17647058823529413,1.5,1.0,279.0,3200.6666666666665,36-40
40,0.0,Travel_Frequently,1395,Research & Development,26,3,Medical,2,Female,54,3,2,Research Scientist,2,Divorced,5605,8504,1,No,11,3,1,1,20,2,3,20,7,2,13,20,20.0,0.35,0.65,1.0,6.666666666666667,0.1,53.65384615384615,280.25,36-40
55,1.0,Travel_Rarely,436,Sales,2,1,Medical,3,Male,37,3,2,Sales Executive,4,Single,5160,21519,4,No,16,3,3,0,12,3,2,9,7,7,3,43,3.0,0.7777777777777778,0.3333333333333333,0.75,1.125,0.3333333333333333,218.0,573.3333333333334,51-65
34,0.0,Travel_Rarely,507,Sales,15,2,Medical,3,Female,66,3,2,Sales Executive,1,Single,6125,23553,1,No,12,3,4,0,10,6,4,10,8,9,6,24,10.0,0.8,0.6,1.0,1.0,0.6,33.8,612.5,31-35
18,0.0,Travel_Rarely,812,Sales,10,3,Medical,4,Female,69,2,1,Sales Representative,3,Single,1200,9724,1,No,12,3,1,0,0,2,3,0,0,0,0,18,0.0,,,,0.0,6.0,81.2,18711.0,15-25
41,0.0,Travel_Rarely,334,Sales,2,4,Life Sciences,4,Male,88,3,4,Manager,2,Single,16015,15896,1,No,19,3,2,0,22,2,3,22,10,0,4,19,22.0,0.45454545454545453,0.18181818181818182,1.0,22.0,0.09090909090909091,167.0,727.9545454545455,41-50
44,0.0,Travel_Frequently,383,Sales,1,5,Marketing,1,Female,79,3,2,Sales Executive,3,Married,4768,9282,7,No,12,3,3,1,11,4,2,1,0,0,0,33,1.5714285714285714,0.0,0.0,0.09090909090909091,1.0,4.0,383.0,4768.0,41-50
42,0.0,Travel_Rarely,691,Sales,8,4,Marketing,3,Male,48,3,2,Sales Executive,2,Married,6825,21173,0,No,11,3,4,1,10,2,3,9,7,4,2,32,40.0,0.7777777777777778,0.2222222222222222,0.9,1.8,0.2222222222222222,86.375,758.3333333333334,41-50
51,0.0,Travel_Rarely,313,Research & Development,3,3,Medical,4,Female,98,3,4,Healthcare Representative,2,Single,13734,7192,3,No,18,3,3,0,21,6,3,7,7,1,0,30,7.0,1.0,0.0,0.3333333333333333,3.5,0.8571428571428571,104.33333333333333,1962.0,51-65
32,1.0,Travel_Rarely,515,Research & Development,1,3,Life Sciences,4,Male,62,2,1,Laboratory Technician,3,Single,3730,9571,0,Yes,14,3,4,0,4,2,1,3,2,1,2,28,40.0,0.6666666666666666,0.6666666666666666,0.75,1.5,0.6666666666666666,515.0,1243.3333333333333,31-35
31,0.0,Travel_Rarely,688,Sales,7,3,Life Sciences,3,Male,44,2,3,Manager,4,Divorced,11557,25291,9,No,21,4,3,1,10,3,2,5,4,0,1,21,1.1111111111111112,0.8,0.2,0.5,5.0,0.6,98.28571428571429,2311.4,31-35
31,0.0,Travel_Frequently,853,Research & Development,1,1,Life Sciences,3,Female,96,3,2,Manufacturing Director,1,Married,4148,11275,1,No,12,3,3,1,4,1,3,4,3,0,3,27,4.0,0.75,0.75,1.0,4.0,0.25,853.0,1037.0,31-35
30,1.0,Travel_Frequently,109,Research & Development,5,3,Medical,2,Female,60,3,1,Laboratory Technician,2,Single,2422,25725,0,No,17,3,1,0,4,3,3,3,2,1,2,26,40.0,0.6666666666666666,0.6666666666666666,0.75,1.5,1.0,21.8,807.3333333333334,26-30
36,0.0,Travel_Rarely,329,Research & Development,2,3,Life Sciences,4,Female,96,3,1,Research Scientist,3,Married,2543,11868,4,No,13,3,2,1,6,3,3,2,2,2,2,30,1.5,1.0,1.0,0.3333333333333333,0.6666666666666666,1.5,164.5,1271.5,36-40
28,0.0,Travel_Rarely,895,Research & Development,15,2,Life Sciences,1,Male,50,3,1,Laboratory Technician,3,Divorced,2207,22482,1,No,16,3,4,1,4,5,2,4,2,2,2,24,4.0,0.5,0.5,1.0,1.3333333333333333,1.25,59.666666666666664,551.75,26-30
30,0.0,Travel_Rarely,1176,Research & Development,20,3,Other,3,Male,85,3,2,Manufacturing Director,1,Married,9957,9096,0,No,15,3,3,1,7,1,2,6,2,0,2,23,40.0,0.3333333333333333,0.3333333333333333,0.8571428571428571,6.0,0.16666666666666666,58.8,1659.5,26-30
35,0.0,Travel_Rarely,890,Sales,2,3,Marketing,4,Female,97,3,1,Sales Representative,4,Married,2014,9687,1,No,13,3,1,0,2,3,3,2,2,2,2,33,2.0,1.0,1.0,1.0,0.6666666666666666,1.5,445.0,1007.0,31-35
59,0.0,Travel_Rarely,1429,Research & Development,18,4,Medical,4,Male,67,3,3,Manufacturing Director,4,Single,10512,20002,6,No,12,3,4,0,25,6,2,9,7,5,4,34,4.166666666666667,0.7777777777777778,0.4444444444444444,0.36,1.5,0.6666666666666666,79.38888888888889,1168.0,51-65
39,0.0,Non-Travel,1485,Research & Development,25,2,Life Sciences,3,Male,71,3,3,Healthcare Representative,3,Married,10920,3449,3,No,21,4,2,1,13,2,3,6,4,0,5,26,4.333333333333333,0.6666666666666666,0.8333333333333334,0.46153846153846156,6.0,0.3333333333333333,59.4,1820.0,36-40
29,0.0,Travel_Frequently,442,Sales,2,2,Life Sciences,2,Male,44,3,2,Sales Executive,4,Single,4554,20260,1,No,18,3,1,0,10,3,2,10,7,0,9,19,10.0,0.7,0.9,1.0,10.0,0.3,221.0,455.4,26-30
34,1.0,Travel_Frequently,988,Human Resources,23,3,Human Resources,2,Female,43,3,3,Human Resources,1,Divorced,9950,11533,9,Yes,15,3,3,3,11,2,3,3,2,0,2,23,1.2222222222222223,0.6666666666666666,0.6666666666666666,0.2727272727272727,3.0,0.6666666666666666,42.95652173913044,3316.6666666666665,31-35
36,0.0,Travel_Rarely,506,Research & Development,3,3,Technical Degree,3,Male,30,3,2,Research Scientist,2,Single,4485,26285,4,No,12,3,4,0,10,2,3,8,0,7,7,26,2.5,0.0,0.875,0.8,1.0,0.25,168.66666666666666,560.625,36-40
30,0.0,Travel_Rarely,201,Research & Development,5,3,Technical Degree,4,Female,84,3,1,Research Scientist,1,Divorced,3204,10415,5,No,14,3,4,1,8,3,3,3,2,2,2,22,1.6,0.6666666666666666,0.6666666666666666,0.375,1.0,1.0,40.2,1068.0,26-30
27,0.0,Travel_Rarely,269,Research & Development,5,1,Technical Degree,3,Male,42,2,3,Research Director,4,Divorced,12808,8842,1,Yes,16,3,2,1,9,3,3,9,8,0,8,18,9.0,0.8888888888888888,0.8888888888888888,1.0,9.0,0.3333333333333333,53.8,1423.111111111111,26-30
43,0.0,Travel_Rarely,1001,Research & Development,7,3,Life Sciences,3,Female,43,3,3,Healthcare Representative,1,Married,9985,9262,8,No,16,3,1,1,10,1,2,1,0,0,0,33,1.25,0.0,0.0,0.1,1.0,1.0,143.0,9985.0,41-50
38,0.0,Travel_Rarely,343,Research & Development,15,2,Life Sciences,3,Male,92,2,3,Research Director,4,Divorced,11510,15682,0,Yes,14,3,2,1,12,3,3,11,10,2,9,26,40.0,0.9090909090909091,0.8181818181818182,0.9166666666666666,3.6666666666666665,0.2727272727272727,22.866666666666667,1046.3636363636363,36-40
31,0.0,Travel_Frequently,793,Sales,20,3,Life Sciences,3,Male,67,4,1,Sales Representative,4,Married,2791,21981,0,No,12,3,1,1,3,4,3,2,2,2,2,28,40.0,1.0,1.0,0.6666666666666666,0.6666666666666666,2.0,39.65,1395.5,31-35
30,0.0,Travel_Rarely,501,Sales,27,5,Marketing,3,Male,99,3,2,Sales Executive,4,Divorced,5304,25275,7,No,23,4,4,1,10,2,2,8,7,7,7,20,1.4285714285714286,0.875,0.875,0.8,1.0,0.25,18.555555555555557,663.0,26-30
44,0.0,Travel_Rarely,1448,Sales,28,3,Medical,4,Female,53,4,4,Sales Executive,4,Married,13320,11737,3,Yes,18,3,3,1,23,2,3,12,11,11,11,21,7.666666666666667,0.9166666666666666,0.9166666666666666,0.5217391304347826,1.0,0.16666666666666666,51.714285714285715,1110.0,41-50
23,0.0,Travel_Rarely,650,Research & Development,9,1,Medical,2,Male,37,3,1,Laboratory Technician,1,Married,2500,4344,1,No,14,3,4,1,5,2,4,4,3,0,2,18,5.0,0.75,0.5,0.8,4.0,0.5,72.22222222222223,625.0,15-25
21,1.0,Travel_Rarely,1334,Research & Development,10,3,Life Sciences,3,Female,36,2,1,Laboratory Technician,1,Single,1416,17258,1,No,13,3,1,0,1,6,2,1,0,1,0,20,1.0,0.0,0.0,1.0,0.5,6.0,133.4,1416.0,15-25
31,0.0,Travel_Rarely,1222,Research & Development,11,4,Life Sciences,4,Male,48,3,1,Research Scientist,4,Married,2356,14871,3,Yes,19,3,2,1,8,2,3,6,4,0,2,23,2.6666666666666665,0.6666666666666666,0.3333333333333333,0.75,6.0,0.3333333333333333,111.0909090909091,392.6666666666667,31-35
46,1.0,Travel_Rarely,377,Sales,9,3,Marketing,1,Male,52,3,3,Sales Executive,4,Divorced,10096,15986,4,No,11,3,1,1,28,1,4,7,7,4,3,18,7.0,1.0,0.42857142857142855,0.25,1.4,0.14285714285714285,41.888888888888886,1442.2857142857142,41-50
53,0.0,Travel_Rarely,346,Research & Development,6,3,Life Sciences,4,Male,86,3,2,Laboratory Technician,4,Single,2450,10919,2,No,17,3,4,0,19,4,3,2,2,2,2,34,9.5,1.0,1.0,0.10526315789473684,0.6666666666666666,2.0,57.666666666666664,1225.0,51-65
49,0.0,Travel_Rarely,1418,Research & Development,1,3,Technical Degree,3,Female,36,3,1,Research Scientist,1,Married,3580,10554,2,No,16,3,2,1,7,2,3,4,2,0,2,42,3.5,0.5,0.5,0.5714285714285714,4.0,0.5,1418.0,895.0,41-50
46,0.0,Travel_Rarely,1003,Research & Development,8,4,Life Sciences,4,Female,74,2,2,Research Scientist,1,Divorced,4615,21029,8,Yes,23,4,1,3,19,2,3,16,13,1,7,27,2.375,0.8125,0.4375,0.8421052631578947,8.0,0.125,125.375,288.4375,41-50
31,0.0,Travel_Rarely,140,Research & Development,12,1,Medical,3,Female,95,3,1,Research Scientist,4,Married,3929,6984,8,Yes,23,4,3,1,7,0,3,4,2,0,2,24,0.875,0.5,0.5,0.5714285714285714,4.0,0.0,11.666666666666666,982.25,31-35
58,0.0,Travel_Rarely,1055,Research & Development,1,3,Medical,4,Female,76,3,5,Research Director,1,Married,19701,22456,3,Yes,21,4,3,1,32,3,3,9,8,1,5,26,10.666666666666666,0.8888888888888888,0.5555555555555556,0.28125,4.5,0.3333333333333333,1055.0,2189.0,51-65
34,0.0,Non-Travel,1065,Sales,23,4,Marketing,2,Male,72,3,2,Sales Executive,3,Single,4568,10034,0,No,20,4,3,0,10,2,3,9,5,8,7,24,40.0,0.5555555555555556,0.7777777777777778,0.9,1.0,0.2222222222222222,46.30434782608695,507.55555555555554,31-35
35,0.0,Travel_Frequently,664,Research & Development,1,3,Medical,2,Male,79,3,1,Research Scientist,1,Married,2194,5868,4,No,13,3,4,1,5,2,2,3,2,1,2,30,1.25,0.6666666666666666,0.6666666666666666,0.6,1.5,0.6666666666666666,664.0,731.3333333333334,31-35
32,0.0,Travel_Rarely,334,Research & Development,5,2,Life Sciences,1,Male,80,4,1,Research Scientist,2,Divorced,3298,15053,0,Yes,12,3,4,2,7,5,2,6,2,0,5,25,40.0,0.3333333333333333,0.8333333333333334,0.8571428571428571,6.0,0.8333333333333334,66.8,549.6666666666666,31-35
35,0.0,Travel_Rarely,144,Research & Development,22,3,Life Sciences,4,Male,46,1,1,Laboratory Technician,3,Single,4230,19225,0,No,15,3,3,0,6,2,3,5,4,4,3,29,40.0,0.8,0.6,0.8333333333333334,1.0,0.4,6.545454545454546,846.0,31-35
19,0.0,Travel_Rarely,265,Research & Development,25,3,Life Sciences,2,Female,57,4,1,Research Scientist,4,Single,2994,21221,1,Yes,12,3,4,0,1,2,3,1,0,0,1,18,1.0,0.0,1.0,1.0,1.0,2.0,10.6,2994.0,15-25
28,0.0,Travel_Rarely,866,Sales,5,3,Medical,4,Male,84,3,2,Sales Executive,1,Single,8463,23490,0,No,18,3,4,0,6,4,3,5,4,1,3,22,40.0,0.8,0.6,0.8333333333333334,2.5,0.8,173.2,1692.6,26-30
32,1.0,Travel_Rarely,1045,Sales,4,4,Medical,4,Male,32,1,3,Sales Executive,4,Married,10400,25812,1,No,11,3,3,0,14,2,2,14,8,9,8,18,14.0,0.5714285714285714,0.5714285714285714,1.0,1.4,0.14285714285714285,261.25,742.8571428571429,31-35
43,0.0,Travel_Frequently,422,Research & Development,1,3,Life Sciences,4,Female,33,3,2,Healthcare Representative,4,Married,5562,21782,4,No,13,3,2,1,12,2,2,5,2,2,2,31,3.0,0.4,0.4,0.4166666666666667,1.6666666666666667,0.4,422.0,1112.4,41-50
37,0.0,Travel_Rarely,367,Research & Development,25,2,Medical,3,Female,52,2,2,Healthcare Representative,4,Divorced,5731,17171,7,No,13,3,3,2,9,2,3,6,2,1,3,28,1.2857142857142858,0.3333333333333333,0.5,0.6666666666666666,3.0,0.3333333333333333,14.68,955.1666666666666,36-40
38,0.0,Travel_Rarely,1261,Research & Development,2,4,Life Sciences,4,Male,88,3,2,Manufacturing Director,3,Married,6553,7259,9,No,14,3,2,0,14,3,3,1,0,0,0,24,1.5555555555555556,0.0,0.0,0.07142857142857142,1.0,3.0,630.5,6553.0,36-40
30,0.0,Travel_Rarely,1240,Human Resources,9,3,Human Resources,3,Male,48,3,2,Human Resources,4,Married,6347,13982,0,Yes,19,3,4,0,12,2,1,11,9,4,7,18,40.0,0.8181818181818182,0.6363636363636364,0.9166666666666666,2.2,0.18181818181818182,137.77777777777777,577.0,26-30
53,0.0,Travel_Rarely,1436,Sales,6,2,Marketing,2,Male,34,3,2,Sales Representative,3,Married,2306,16047,2,Yes,20,4,4,1,13,3,1,7,7,4,5,40,6.5,1.0,0.7142857142857143,0.5384615384615384,1.4,0.42857142857142855,239.33333333333334,329.42857142857144,51-65
42,0.0,Travel_Rarely,635,Sales,1,1,Life Sciences,2,Male,99,3,2,Sales Executive,3,Married,4907,24532,1,No,25,4,3,0,20,3,3,20,16,11,6,22,20.0,0.8,0.3,1.0,1.6666666666666667,0.15,635.0,245.35,41-50
30,0.0,Travel_Frequently,160,Research & Development,3,3,Medical,3,Female,71,3,1,Research Scientist,3,Divorced,2083,22653,1,No,20,4,3,1,1,2,3,1,0,0,0,29,1.0,0.0,0.0,1.0,1.0,2.0,53.333333333333336,2083.0,26-30
25,1.0,Travel_Rarely,867,Sales,19,2,Marketing,3,Male,36,2,1,Sales Representative,2,Married,2413,18798,1,Yes,18,3,3,3,1,2,3,1,0,0,0,24,1.0,0.0,0.0,1.0,1.0,2.0,45.63157894736842,2413.0,15-25
53,0.0,Travel_Rarely,447,Research & Development,2,3,Medical,4,Male,39,4,4,Research Director,2,Single,16598,19764,4,No,12,3,2,0,35,2,2,9,8,8,8,18,8.75,0.8888888888888888,0.8888888888888888,0.2571428571428571,1.0,0.2222222222222222,223.5,1844.2222222222222,51-65
29,0.0,Travel_Rarely,1090,Sales,10,3,Marketing,4,Male,83,3,1,Sales Representative,2,Divorced,2297,17967,1,No,14,3,4,2,2,2,3,2,2,2,2,27,2.0,1.0,1.0,1.0,0.6666666666666666,1.0,109.0,1148.5,26-30
42,1.0,Travel_Frequently,481,Sales,12,3,Life Sciences,3,Male,44,3,4,Sales Executive,1,Single,13758,2447,0,Yes,12,3,2,0,22,2,2,21,9,13,14,20,40.0,0.42857142857142855,0.6666666666666666,0.9545454545454546,1.5,0.09523809523809523,40.083333333333336,655.1428571428571,41-50
34,0.0,Travel_Frequently,702,Research & Development,16,4,Life Sciences,3,Female,100,2,1,Research Scientist,4,Single,2553,8306,1,No,16,3,3,0,6,3,3,5,2,1,3,28,6.0,0.4,0.6,0.8333333333333334,2.5,0.6,43.875,510.6,31-35
28,0.0,Travel_Rarely,1169,Human Resources,8,2,Medical,2,Male,63,2,1,Human Resources,4,Divorced,4936,23965,1,No,13,3,4,1,6,6,3,5,1,0,4,22,6.0,0.2,0.8,0.8333333333333334,5.0,1.2,146.125,987.2,26-30
43,0.0,Travel_Rarely,1034,Sales,16,3,Marketing,4,Female,80,3,4,Manager,4,Married,16064,7744,5,Yes,22,4,3,1,22,3,3,17,13,1,9,21,4.4,0.7647058823529411,0.5294117647058824,0.7727272727272727,8.5,0.17647058823529413,64.625,944.9411764705883,41-50
37,0.0,Travel_Rarely,228,Sales,6,4,Medical,3,Male,98,3,2,Sales Executive,4,Married,6502,22825,4,No,14,3,2,1,7,5,4,5,4,0,1,30,1.75,0.8,0.2,0.7142857142857143,5.0,1.0,38.0,1300.4,36-40
44,0.0,Travel_Rarely,1112,Human Resources,1,4,Life Sciences,1,Female,50,2,2,Human Resources,3,Single,5985,26894,4,No,11,3,2,0,10,1,4,2,2,0,2,34,2.5,1.0,1.0,0.2,2.0,0.5,1112.0,2992.5,41-50
34,0.0,Non-Travel,999,Research & Development,26,1,Technical Degree,1,Female,92,2,1,Research Scientist,3,Divorced,2029,15891,1,No,20,4,3,3,5,2,3,5,4,0,0,29,5.0,0.8,0.0,1.0,5.0,0.4,38.42307692307692,405.8,31-35
28,0.0,Travel_Rarely,304,Sales,9,4,Life Sciences,2,Male,92,3,2,Sales Executive,4,Single,5253,20750,1,No,16,3,4,0,7,1,3,7,5,0,7,21,7.0,0.7142857142857143,1.0,1.0,7.0,0.14285714285714285,33.77777777777778,750.4285714285714,26-30
40,0.0,Travel_Rarely,300,Sales,26,3,Marketing,3,Male,74,3,2,Sales Executive,1,Married,8396,22217,1,No,14,3,2,1,8,3,2,7,7,7,5,32,8.0,1.0,0.7142857142857143,0.875,0.875,0.42857142857142855,11.538461538461538,1199.4285714285713,36-40
34,0.0,Travel_Rarely,1111,Sales,8,2,Life Sciences,3,Female,93,3,2,Sales Executive,1,Married,6500,13305,5,No,17,3,2,1,6,1,3,3,2,1,2,28,1.2,0.6666666666666666,0.6666666666666666,0.5,1.5,0.3333333333333333,138.875,2166.6666666666665,31-35
44,0.0,Travel_Rarely,625,Research & Development,4,3,Medical,4,Male,50,3,2,Healthcare Representative,2,Single,5933,5197,9,No,12,3,4,0,10,2,2,5,2,2,3,34,1.1111111111111112,0.4,0.6,0.5,1.6666666666666667,0.4,156.25,1186.6,41-50
25,0.0,Travel_Rarely,180,Research & Development,2,1,Medical,1,Male,65,4,1,Research Scientist,1,Single,3424,21632,7,No,13,3,3,0,6,3,2,4,3,0,1,19,0.8571428571428571,0.75,0.25,0.6666666666666666,4.0,0.75,90.0,856.0,15-25
34,1.0,Travel_Rarely,699,Research & Development,6,1,Medical,2,Male,83,3,1,Research Scientist,1,Single,2960,17102,2,No,11,3,3,0,8,2,3,4,2,1,3,26,4.0,0.5,0.75,0.5,2.0,0.5,116.5,740.0,31-35
60,0.0,Travel_Rarely,422,Research & Development,7,3,Life Sciences,1,Female,41,3,5,Manager,1,Married,19566,3854,5,No,11,3,4,0,33,5,1,29,8,11,10,27,6.6,0.27586206896551724,0.3448275862068966,0.8787878787878788,2.4166666666666665,0.1724137931034483,60.285714285714285,674.6896551724138,51-65
32,0.0,Travel_Rarely,601,Sales,7,5,Marketing,4,Male,97,3,2,Sales Executive,4,Married,9204,23343,4,No,12,3,3,1,7,3,2,4,3,0,3,25,1.75,0.75,0.75,0.5714285714285714,4.0,0.75,85.85714285714286,2301.0,31-35
36,0.0,Travel_Rarely,188,Research & Development,7,4,Other,2,Male,65,3,1,Research Scientist,4,Single,4678,23293,2,No,18,3,3,0,8,6,3,6,2,0,1,28,4.0,0.3333333333333333,0.16666666666666666,0.75,6.0,1.0,26.857142857142858,779.6666666666666,36-40
32,0.0,Non-Travel,1109,Research & Development,29,4,Medical,4,Female,69,3,1,Laboratory Technician,3,Single,4025,11135,9,No,12,3,2,0,10,2,3,8,7,7,7,22,1.1111111111111112,0.875,0.875,0.8,1.0,0.25,38.241379310344826,503.125,31-35
42,0.0,Travel_Rarely,1147,Human Resources,10,3,Human Resources,3,Female,31,3,4,Manager,1,Married,16799,16616,0,No,14,3,3,1,21,5,3,20,7,0,9,21,40.0,0.35,0.45,0.9523809523809523,20.0,0.25,114.7,839.95,41-50
40,1.0,Travel_Rarely,575,Sales,22,2,Marketing,3,Male,68,2,2,Sales Executive,3,Married,6380,6110,2,Yes,12,3,1,2,8,6,3,6,4,1,0,32,4.0,0.6666666666666666,0.0,0.75,3.0,1.0,26.136363636363637,1063.3333333333333,36-40
25,1.0,Travel_Rarely,240,Sales,5,3,Marketing,3,Male,46,2,2,Sales Executive,3,Single,5744,26959,1,Yes,11,3,4,0,6,1,3,6,4,0,3,19,6.0,0.6666666666666666,0.5,1.0,6.0,0.16666666666666666,48.0,957.3333333333334,15-25
24,0.0,Travel_Rarely,1127,Research & Development,18,1,Life Sciences,2,Male,52,3,1,Laboratory Technician,3,Married,2774,13257,0,No,12,3,3,1,6,2,3,5,3,1,2,18,40.0,0.6,0.4,0.8333333333333334,2.5,0.4,62.611111111111114,554.8,15-25
35,0.0,Travel_Rarely,1137,Research & Development,21,1,Life Sciences,4,Female,51,3,2,Healthcare Representative,4,Married,4014,19170,1,Yes,25,4,4,1,10,2,1,10,6,0,7,25,10.0,0.6,0.7,1.0,10.0,0.2,54.142857142857146,401.4,31-35
48,0.0,Travel_Rarely,817,Sales,2,1,Marketing,2,Male,56,4,2,Sales Executive,2,Married,8120,18597,3,No,12,3,4,0,12,3,3,2,2,2,2,36,4.0,1.0,1.0,0.16666666666666666,0.6666666666666666,1.5,408.5,4060.0,41-50
50,0.0,Travel_Rarely,1126,Research & Development,1,2,Medical,4,Male,66,3,4,Research Director,4,Divorced,17399,6615,9,No,22,4,3,1,32,1,2,5,4,1,3,18,3.5555555555555554,0.8,0.6,0.15625,2.5,0.2,1126.0,3479.8,41-50
54,0.0,Travel_Rarely,685,Research & Development,3,3,Life Sciences,4,Male,85,3,4,Research Director,4,Married,17779,23474,3,No,14,3,1,0,36,2,3,10,9,0,9,18,12.0,0.9,0.9,0.2777777777777778,10.0,0.2,228.33333333333334,1777.9,51-65
30,0.0,Travel_Rarely,202,Sales,2,1,Technical Degree,3,Male,72,3,1,Sales Representative,2,Married,2476,17434,1,No,18,3,1,1,1,3,3,1,0,0,0,29,1.0,0.0,0.0,1.0,1.0,3.0,101.0,2476.0,26-30
31,1.0,Travel_Rarely,542,Sales,20,3,Life Sciences,2,Female,71,1,2,Sales Executive,3,Married,4559,24788,3,Yes,11,3,3,1,4,2,3,2,2,2,2,27,1.3333333333333333,1.0,1.0,0.5,0.6666666666666666,1.0,27.1,2279.5,31-35
39,1.0,Travel_Rarely,1162,Sales,3,2,Medical,4,Female,41,3,2,Sales Executive,3,Married,5238,17778,4,Yes,18,3,1,0,12,3,2,1,0,0,0,27,3.0,0.0,0.0,0.08333333333333333,1.0,3.0,387.3333333333333,5238.0,36-40
51,1.0,Travel_Frequently,1150,Research & Development,8,4,Life Sciences,1,Male,53,1,3,Manufacturing Director,4,Single,10650,25150,2,No,15,3,4,0,18,2,3,4,2,0,3,33,9.0,0.5,0.75,0.2222222222222222,4.0,0.5,143.75,2662.5,51-65
44,0.0,Non-Travel,981,Research & Development,5,3,Life Sciences,3,Male,90,2,1,Laboratory Technician,3,Single,3162,7973,3,No,14,3,4,0,7,5,3,5,2,0,3,37,2.3333333333333335,0.4,0.6,0.7142857142857143,5.0,1.0,196.2,632.4,41-50
50,0.0,Travel_Rarely,989,Research & Development,7,2,Medical,2,Female,43,2,5,Research Director,3,Divorced,18740,16701,5,Yes,12,3,4,1,29,2,2,27,3,13,8,21,5.8,0.1111111111111111,0.2962962962962963,0.9310344827586207,1.9285714285714286,0.07407407407407407,141.28571428571428,694.074074074074,41-50
32,0.0,Travel_Rarely,548,Research & Development,1,3,Life Sciences,2,Male,66,3,2,Research Scientist,2,Married,6220,7346,1,No,17,3,2,2,10,3,3,10,4,0,9,22,10.0,0.4,0.9,1.0,10.0,0.3,548.0,622.0,31-35
44,0.0,Travel_Rarely,1199,Research & Development,4,2,Life Sciences,3,Male,92,4,5,Manager,1,Divorced,19190,17477,1,No,14,3,4,2,26,4,2,25,9,14,13,18,26.0,0.36,0.52,0.9615384615384616,1.6666666666666667,0.16,299.75,767.6,41-50
53,0.0,Travel_Rarely,1219,Sales,2,4,Life Sciences,1,Female,78,2,4,Manager,4,Married,15427,22021,2,No,16,3,3,0,31,3,3,25,8,3,7,22,15.5,0.32,0.28,0.8064516129032258,6.25,0.12,609.5,617.08,51-65
55,0.0,Travel_Rarely,1117,Sales,18,5,Life Sciences,1,Female,83,3,4,Manager,2,Single,16835,9873,3,No,23,4,4,0,37,2,3,10,9,7,7,18,12.333333333333334,0.9,0.7,0.2702702702702703,1.25,0.2,62.05555555555556,1683.5,51-65
38,0.0,Non-Travel,152,Sales,10,3,Technical Degree,3,Female,85,3,2,Sales Executive,4,Single,5666,19899,1,Yes,13,3,2,0,6,1,3,5,3,1,3,32,6.0,0.6,0.6,0.8333333333333334,2.5,0.2,15.2,1133.2,36-40
34,1.0,Travel_Rarely,1107,Human Resources,9,4,Technical Degree,1,Female,52,3,1,Human Resources,3,Married,2742,3072,1,No,15,3,4,0,2,0,3,2,2,2,2,32,2.0,1.0,1.0,1.0,0.6666666666666666,0.0,123.0,1371.0,31-35
36,0.0,Travel_Rarely,796,Research & Development,12,5,Medical,4,Female,51,2,3,Manufacturing Director,4,Single,8858,15669,0,No,11,3,2,0,15,2,2,14,8,7,8,21,40.0,0.5714285714285714,0.5714285714285714,0.9333333333333333,1.75,0.14285714285714285,66.33333333333333,632.7142857142857,36-40
57,0.0,Travel_Rarely,334,Research & Development,24,2,Life Sciences,3,Male,83,4,3,Healthcare Representative,4,Divorced,9439,23402,3,Yes,16,3,2,1,12,2,1,5,3,1,4,45,4.0,0.6,0.8,0.4166666666666667,2.5,0.4,13.916666666666666,1887.8,51-65
36,0.0,Travel_Rarely,172,Research & Development,4,4,Life Sciences,1,Male,37,2,2,Laboratory Technician,4,Single,5810,22604,1,No,16,3,3,0,10,2,2,10,4,1,8,26,10.0,0.4,0.8,1.0,5.0,0.2,43.0,581.0,36-40
28,1.0,Travel_Rarely,529,Research & Development,2,4,Life Sciences,1,Male,79,3,1,Laboratory Technician,3,Single,3485,14935,2,No,11,3,3,0,5,5,1,0,0,0,0,23,2.5,,,0.0,0.0,6.0,264.5,18711.0,26-30
35,0.0,Travel_Rarely,538,Research & Development,25,2,Other,1,Male,54,2,2,Laboratory Technician,4,Single,3681,14004,4,No,14,3,4,0,9,3,3,3,2,0,2,26,2.25,0.6666666666666666,0.6666666666666666,0.3333333333333333,3.0,1.0,21.52,1227.0,31-35
27,0.0,Travel_Frequently,1410,Sales,3,1,Medical,4,Female,71,4,2,Sales Executive,4,Divorced,4647,16673,1,Yes,20,4,2,2,6,3,3,6,5,0,4,21,6.0,0.8333333333333334,0.6666666666666666,1.0,6.0,0.5,470.0,774.5,26-30
37,1.0,Travel_Rarely,807,Human Resources,6,4,Human Resources,3,Male,63,3,1,Human Resources,1,Divorced,2073,23648,4,Yes,22,4,4,0,7,3,3,3,2,0,2,30,1.75,0.6666666666666666,0.6666666666666666,0.42857142857142855,3.0,1.0,134.5,691.0,36-40
50,1.0,Travel_Rarely,869,Sales,3,2,Marketing,1,Male,86,2,1,Sales Representative,3,Married,2683,3810,1,Yes,14,3,3,0,3,2,3,3,2,0,2,47,3.0,0.6666666666666666,0.6666666666666666,1.0,3.0,0.6666666666666666,289.6666666666667,894.3333333333334,41-50
45,0.0,Non-Travel,1195,Research & Development,2,2,Medical,1,Male,65,2,4,Manager,4,Married,16792,20462,9,No,23,4,4,1,22,1,3,20,8,11,8,23,2.4444444444444446,0.4,0.4,0.9090909090909091,1.6666666666666667,0.05,597.5,839.6,41-50
27,0.0,Travel_Frequently,829,Sales,8,1,Marketing,3,Male,84,3,2,Sales Executive,4,Married,4342,24008,0,No,19,3,2,1,5,3,3,4,2,1,1,22,40.0,0.5,0.25,0.8,2.0,0.75,103.625,1085.5,26-30
41,0.0,Travel_Rarely,1276,Sales,2,5,Life Sciences,2,Female,91,3,4,Manager,1,Married,16595,5626,7,No,16,3,2,1,22,2,3,18,16,11,8,19,3.142857142857143,0.8888888888888888,0.4444444444444444,0.8181818181818182,1.5,0.1111111111111111,638.0,921.9444444444445,41-50
30,0.0,Non-Travel,1116,Research & Development,2,3,Medical,3,Female,49,3,1,Laboratory Technician,4,Single,2564,7181,0,No,14,3,3,0,12,2,2,11,7,6,7,18,40.0,0.6363636363636364,0.6363636363636364,0.9166666666666666,1.5714285714285714,0.18181818181818182,558.0,233.0909090909091,26-30
32,0.0,Non-Travel,862,Sales,2,1,Life Sciences,3,Female,76,3,1,Sales Representative,1,Divorced,2827,14947,1,No,12,3,3,3,1,3,3,1,0,0,0,31,1.0,0.0,0.0,1.0,1.0,3.0,431.0,2827.0,31-35
55,0.0,Travel_Rarely,692,Research & Development,14,4,Medical,3,Male,61,4,5,Research Director,2,Single,18722,13339,8,No,11,3,4,0,36,3,3,24,15,2,15,19,4.5,0.625,0.625,0.6666666666666666,8.0,0.125,49.42857142857143,780.0833333333334,51-65
32,1.0,Travel_Rarely,1089,Research & Development,7,2,Life Sciences,4,Male,79,3,2,Laboratory Technician,3,Married,4883,22845,1,No,18,3,1,1,10,3,3,10,4,1,1,22,10.0,0.4,0.1,1.0,5.0,0.3,155.57142857142858,488.3,31-35
54,0.0,Travel_Frequently,966,Research & Development,1,4,Life Sciences,4,Female,53,3,3,Manufacturing Director,3,Divorced,10502,9659,7,No,17,3,1,1,33,2,1,5,4,1,4,21,4.714285714285714,0.8,0.8,0.15151515151515152,2.5,0.4,966.0,2100.4,51-65
44,1.0,Travel_Rarely,1097,Research & Development,10,4,Life Sciences,3,Male,96,3,1,Research Scientist,3,Single,2936,10826,1,Yes,11,3,3,0,6,4,3,6,4,0,2,38,6.0,0.6666666666666666,0.3333333333333333,1.0,6.0,0.6666666666666666,109.7,489.3333333333333,41-50
32,0.0,Travel_Rarely,646,Research & Development,9,4,Life Sciences,1,Female,92,3,2,Research Scientist,4,Married,6322,18089,1,Yes,12,3,4,1,6,2,2,6,4,0,5,26,6.0,0.6666666666666666,0.8333333333333334,1.0,6.0,0.3333333333333333,71.77777777777777,1053.6666666666667,31-35
33,0.0,Non-Travel,1038,Sales,8,1,Life Sciences,2,Female,88,2,1,Sales Representative,4,Single,2342,21437,0,No,19,3,4,0,3,2,2,2,2,2,2,30,40.0,1.0,1.0,0.6666666666666666,0.6666666666666666,1.0,129.75,1171.0,31-35
27,0.0,Non-Travel,691,Research & Development,9,3,Medical,4,Male,57,3,1,Research Scientist,2,Divorced,2024,5970,6,No,18,3,4,1,6,1,1,2,2,2,2,21,1.0,1.0,1.0,0.3333333333333333,0.6666666666666666,0.5,76.77777777777777,1012.0,26-30
33,0.0,Travel_Rarely,1198,Research & Development,1,4,Other,3,Male,100,2,1,Research Scientist,1,Single,2799,3339,3,Yes,11,3,2,0,6,1,3,3,2,0,2,27,2.0,0.6666666666666666,0.6666666666666666,0.5,3.0,0.3333333333333333,1198.0,933.0,31-35
47,1.0,Non-Travel,666,Research & Development,29,4,Life Sciences,1,Male,88,3,3,Manager,2,Married,11849,10268,1,Yes,12,3,4,1,10,2,2,10,7,9,9,37,10.0,0.7,0.9,1.0,1.0,0.2,22.96551724137931,1184.9,41-50
19,1.0,Non-Travel,504,Research & Development,10,3,Medical,1,Female,96,2,1,Research Scientist,2,Single,1859,6148,1,Yes,25,4,2,0,1,2,4,1,1,0,0,18,1.0,1.0,0.0,1.0,1.0,2.0,50.4,1859.0,15-25
37,0.0,Non-Travel,1040,Research & Development,2,2,Life Sciences,3,Male,100,2,2,Healthcare Representative,4,Divorced,5163,15850,5,No,14,3,4,1,17,2,4,1,0,0,0,20,3.4,0.0,0.0,0.058823529411764705,1.0,2.0,520.0,5163.0,36-40
56,0.0,Travel_Rarely,1369,Research & Development,23,3,Life Sciences,4,Male,68,3,4,Manufacturing Director,2,Married,13402,18235,4,Yes,12,3,1,1,33,0,3,19,16,15,9,23,8.25,0.8421052631578947,0.47368421052631576,0.5757575757575758,1.1875,0.0,59.52173913043478,705.3684210526316,51-65
29,0.0,Travel_Rarely,153,Research & Development,15,2,Life Sciences,4,Female,49,2,2,Laboratory Technician,3,Single,4193,12682,0,Yes,12,3,4,0,10,3,3,9,5,0,8,19,40.0,0.5555555555555556,0.8888888888888888,0.9,9.0,0.3333333333333333,10.2,465.8888888888889,26-30
38,0.0,Travel_Rarely,849,Research & Development,25,2,Life Sciences,1,Female,81,2,3,Research Director,2,Married,12061,26707,3,No,17,3,3,1,19,2,3,10,8,0,1,19,6.333333333333333,0.8,0.1,0.5263157894736842,10.0,0.2,33.96,1206.1,36-40
42,0.0,Travel_Rarely,1332,Research & Development,2,4,Other,1,Male,98,2,2,Healthcare Representative,4,Single,6781,17078,3,No,23,4,2,0,14,6,3,1,0,0,0,28,4.666666666666667,0.0,0.0,0.07142857142857142,1.0,6.0,666.0,6781.0,41-50
54,0.0,Travel_Rarely,1441,Research & Development,17,3,Technical Degree,3,Female,56,3,3,Manufacturing Director,3,Married,10739,13943,8,No,11,3,3,1,22,2,3,10,7,0,8,32,2.75,0.7,0.8,0.45454545454545453,10.0,0.2,84.76470588235294,1073.9,51-65
29,0.0,Travel_Rarely,1328,Research & Development,2,3,Life Sciences,3,Male,76,3,1,Research Scientist,2,Married,2703,4956,0,No,23,4,4,1,6,3,3,5,4,0,4,23,40.0,0.8,0.8,0.8333333333333334,5.0,0.6,664.0,540.6,26-30
26,0.0,Travel_Frequently,1283,Sales,1,3,Medical,3,Male,52,2,2,Sales Executive,1,Single,4294,11148,1,No,12,3,2,0,7,2,3,7,7,0,7,19,7.0,1.0,1.0,1.0,7.0,0.2857142857142857,1283.0,613.4285714285714,26-30
37,0.0,Non-Travel,1252,Sales,19,2,Medical,1,Male,32,3,3,Sales Executive,2,Single,7642,4814,1,Yes,13,3,4,0,10,2,3,10,0,0,9,27,10.0,0.0,0.9,1.0,10.0,0.2,65.89473684210526,764.2,36-40
31,0.0,Travel_Rarely,655,Research & Development,7,4,Life Sciences,4,Male,48,3,2,Laboratory Technician,4,Divorced,5915,9528,3,No,22,4,4,1,10,3,2,7,7,1,7,21,3.3333333333333335,1.0,1.0,0.7,3.5,0.42857142857142855,93.57142857142857,845.0,31-35
45,1.0,Travel_Frequently,306,Sales,26,4,Life Sciences,1,Female,100,3,2,Sales Executive,1,Married,4286,5630,2,No,14,3,4,2,5,4,3,1,1,0,0,40,2.5,1.0,0.0,0.2,1.0,4.0,11.76923076923077,4286.0,41-50
43,0.0,Travel_Rarely,589,Research & Development,14,2,Life Sciences,2,Male,94,3,4,Research Director,1,Married,17159,5200,6,No,24,4,3,1,22,3,3,4,1,1,0,21,3.6666666666666665,0.25,0.0,0.18181818181818182,2.0,0.75,42.07142857142857,4289.75,41-50
29,0.0,Travel_Rarely,986,Research & Development,3,4,Medical,2,Male,93,2,3,Research Director,3,Married,11935,21526,1,No,18,3,3,0,10,2,3,10,2,0,7,19,10.0,0.2,0.7,1.0,10.0,0.2,328.6666666666667,1193.5,26-30
30,0.0,Travel_Rarely,231,Sales,8,2,Other,3,Male,62,3,3,Sales Executive,3,Divorced,7264,9977,5,No,11,3,1,1,10,2,4,8,4,7,7,20,2.0,0.5,0.875,0.8,1.0,0.25,28.875,908.0,26-30
40,0.0,Travel_Frequently,530,Research & Development,1,4,Life Sciences,3,Male,78,2,4,Healthcare Representative,2,Married,13503,14115,1,No,22,4,4,1,22,3,2,22,3,11,11,18,22.0,0.13636363636363635,0.5,1.0,1.8333333333333333,0.13636363636363635,530.0,613.7727272727273,36-40
56,0.0,Travel_Frequently,906,Sales,6,3,Life Sciences,3,Female,86,4,4,Sales Executive,1,Married,13212,18256,9,No,11,3,4,3,36,0,2,7,7,7,7,20,4.0,1.0,1.0,0.19444444444444445,0.875,0.0,151.0,1887.4285714285713,51-65
25,0.0,Travel_Rarely,1372,Sales,18,1,Life Sciences,1,Male,93,4,2,Sales Executive,3,Married,6232,12477,2,No,11,3,2,0,6,3,2,3,2,1,2,19,3.0,0.6666666666666666,0.6666666666666666,0.5,1.5,1.0,76.22222222222223,2077.3333333333335,15-25
42,0.0,Non-Travel,179,Human Resources,2,5,Medical,4,Male,79,4,2,Human Resources,1,Married,6272,12858,7,No,16,3,1,1,10,3,4,4,3,0,3,32,1.4285714285714286,0.75,0.75,0.4,4.0,0.75,89.5,1568.0,41-50
32,0.0,Travel_Frequently,967,Sales,8,3,Marketing,2,Female,43,3,3,Sales Executive,4,Single,8998,15589,1,No,14,3,4,0,9,2,3,9,8,3,7,23,9.0,0.8888888888888888,0.7777777777777778,1.0,2.25,0.2222222222222222,120.875,999.7777777777778,31-35
32,0.0,Travel_Frequently,430,Research & Development,24,4,Life Sciences,1,Male,80,3,2,Laboratory Technician,4,Married,5309,21146,1,No,15,3,4,2,10,2,3,10,8,4,7,22,10.0,0.8,0.7,1.0,2.0,0.2,17.916666666666668,530.9,31-35
55,0.0,Travel_Rarely,147,Research & Development,20,2,Technical Degree,2,Male,37,3,2,Laboratory Technician,4,Married,5415,15972,3,Yes,19,3,4,1,12,4,3,10,7,0,8,43,4.0,0.7,0.8,0.8333333333333334,10.0,0.4,7.35,541.5,51-65
27,0.0,Non-Travel,1277,Research & Development,8,5,Life Sciences,1,Male,87,1,1,Laboratory Technician,3,Married,4621,5869,1,No,19,3,4,3,3,4,3,3,2,1,2,24,3.0,0.6666666666666666,0.6666666666666666,1.0,1.5,1.3333333333333333,159.625,1540.3333333333333,26-30
38,0.0,Travel_Frequently,1186,Research & Development,3,4,Other,3,Male,44,3,1,Research Scientist,3,Married,2821,2997,3,No,16,3,1,1,8,2,3,2,2,2,2,30,2.6666666666666665,1.0,1.0,0.25,0.6666666666666666,1.0,395.3333333333333,1410.5,36-40
37,0.0,Travel_Frequently,1231,Sales,21,2,Medical,3,Female,54,3,1,Sales Representative,4,Married,2973,21222,5,No,15,3,2,1,10,3,3,5,4,0,0,27,2.0,0.8,0.0,0.5,5.0,0.6,58.61904761904762,594.6,36-40
26,0.0,Travel_Frequently,496,Research & Development,11,2,Medical,1,Male,60,3,2,Healthcare Representative,1,Married,4741,22722,1,Yes,13,3,3,1,5,3,3,5,3,3,3,21,5.0,0.6,0.6,1.0,1.25,0.6,45.09090909090909,948.2,26-30
45,0.0,Travel_Rarely,252,Research & Development,1,3,Other,3,Male,70,4,5,Manager,4,Married,19202,15970,0,No,11,3,3,1,25,2,3,24,0,1,7,20,40.0,0.0,0.2916666666666667,0.96,12.0,0.08333333333333333,252.0,800.0833333333334,41-50
26,0.0,Travel_Rarely,1443,Sales,23,3,Marketing,3,Female,47,2,2,Sales Executive,4,Married,4157,21436,7,Yes,19,3,3,1,5,2,2,2,2,0,0,21,0.7142857142857143,1.0,0.0,0.4,2.0,1.0,62.73913043478261,2078.5,26-30
41,0.0,Travel_Rarely,802,Sales,9,1,Life Sciences,3,Male,96,3,3,Sales Executive,3,Divorced,8189,21196,3,Yes,13,3,3,1,12,2,3,9,7,0,7,29,4.0,0.7777777777777778,0.7777777777777778,0.75,9.0,0.2222222222222222,89.11111111111111,909.8888888888889,41-50
19,0.0,Travel_Rarely,645,Research & Development,9,2,Life Sciences,3,Male,54,3,1,Research Scientist,1,Single,2552,7172,1,No,25,4,3,0,1,4,3,1,1,0,0,18,1.0,1.0,0.0,1.0,1.0,4.0,71.66666666666667,2552.0,15-25
40,0.0,Travel_Rarely,630,Sales,4,4,Marketing,3,Male,67,2,3,Sales Executive,4,Married,10855,8552,7,No,11,3,1,1,15,2,2,12,11,2,11,25,2.142857142857143,0.9166666666666666,0.9166666666666666,0.8,4.0,0.16666666666666666,157.5,904.5833333333334,36-40
43,0.0,Travel_Frequently,559,Research & Development,10,4,Life Sciences,3,Female,82,2,2,Laboratory Technician,3,Divorced,5257,6227,1,No,11,3,2,1,9,3,4,9,7,0,0,34,9.0,0.7777777777777778,0.0,1.0,9.0,0.3333333333333333,55.9,584.1111111111111,41-50
35,0.0,Non-Travel,727,Research & Development,3,3,Life Sciences,3,Male,41,2,1,Laboratory Technician,3,Married,1281,16900,1,No,18,3,3,2,1,3,3,1,0,0,0,34,1.0,0.0,0.0,1.0,1.0,3.0,242.33333333333334,1281.0,31-35
52,0.0,Travel_Rarely,621,Sales,3,4,Marketing,3,Male,31,2,4,Manager,1,Married,16856,10084,1,No,11,3,1,0,34,3,4,34,6,1,16,18,34.0,0.17647058823529413,0.47058823529411764,1.0,17.0,0.08823529411764706,207.0,495.7647058823529,51-65
49,0.0,Travel_Rarely,470,Research & Development,20,4,Medical,3,Female,96,3,2,Manufacturing Director,1,Married,6567,5549,1,No,14,3,3,0,16,2,2,15,11,5,11,33,16.0,0.7333333333333333,0.7333333333333333,0.9375,2.5,0.13333333333333333,23.5,437.8,41-50
37,0.0,Non-Travel,1413,Research & Development,5,2,Technical Degree,3,Male,84,4,1,Laboratory Technician,3,Single,3500,25470,0,No,14,3,1,0,7,2,1,6,5,1,3,30,40.0,0.8333333333333334,0.5,0.8571428571428571,3.0,0.3333333333333333,282.6,583.3333333333334,36-40
43,0.0,Travel_Frequently,313,Research & Development,21,3,Medical,4,Male,61,3,1,Laboratory Technician,4,Married,2258,15238,7,No,20,4,1,1,8,1,3,3,2,1,2,35,1.1428571428571428,0.6666666666666666,0.6666666666666666,0.375,1.5,0.3333333333333333,14.904761904761905,752.6666666666666,41-50
23,0.0,Travel_Rarely,541,Sales,2,1,Technical Degree,3,Male,62,3,1,Sales Representative,1,Divorced,2322,9518,3,No,13,3,3,1,3,3,3,0,0,0,0,20,1.0,,,0.0,0.0,6.0,270.5,18711.0,15-25
55,0.0,Travel_Rarely,836,Research & Development,8,3,Medical,4,Female,33,3,4,Manager,3,Divorced,14756,19730,2,Yes,14,3,3,3,21,2,3,5,0,0,2,34,10.5,0.0,0.4,0.23809523809523808,5.0,0.4,104.5,2951.2,51-65
53,0.0,Travel_Rarely,102,Research & Development,23,4,Life Sciences,4,Female,72,3,4,Research Director,4,Single,14275,20206,6,No,18,3,3,0,33,0,3,12,9,3,8,20,5.5,0.75,0.6666666666666666,0.36363636363636365,3.0,0.0,4.434782608695652,1189.5833333333333,51-65
34,0.0,Travel_Frequently,669,Research & Development,1,3,Medical,4,Male,97,2,2,Healthcare Representative,1,Single,5343,25755,0,No,20,4,3,0,14,3,3,13,9,4,9,20,40.0,0.6923076923076923,0.6923076923076923,0.9285714285714286,2.6,0.23076923076923078,669.0,411.0,31-35
58,1.0,Travel_Rarely,289,Research & Development,2,3,Technical Degree,4,Male,51,3,1,Research Scientist,3,Single,2479,26227,4,No,24,4,1,0,7,4,3,1,0,0,0,51,1.75,0.0,0.0,0.14285714285714285,1.0,4.0,144.5,2479.0,51-65
34,0.0,Travel_Frequently,618,Research & Development,3,1,Life Sciences,1,Male,45,3,2,Healthcare Representative,4,Single,7756,22266,0,No,17,3,3,0,7,1,2,6,2,0,4,27,40.0,0.3333333333333333,0.6666666666666666,0.8571428571428571,6.0,0.16666666666666666,206.0,1292.6666666666667,31-35
30,0.0,Non-Travel,829,Research & Development,1,1,Life Sciences,3,Male,88,2,3,Manufacturing Director,3,Single,8474,20925,1,No,22,4,3,0,12,2,3,11,8,5,8,18,12.0,0.7272727272727273,0.7272727272727273,0.9166666666666666,1.8333333333333333,0.18181818181818182,829.0,770.3636363636364,26-30
32,0.0,Travel_Rarely,120,Research & Development,6,5,Life Sciences,3,Male,43,3,1,Research Scientist,3,Single,3038,12430,3,No,20,4,1,0,8,2,3,5,4,1,4,24,2.6666666666666665,0.8,0.8,0.625,2.5,0.4,20.0,607.6,31-35
36,0.0,Travel_Rarely,1396,Research & Development,5,2,Life Sciences,4,Male,62,3,2,Laboratory Technician,2,Single,5914,9945,8,No,16,3,4,0,16,3,4,13,11,3,7,20,2.0,0.8461538461538461,0.5384615384615384,0.8125,3.25,0.23076923076923078,279.2,454.9230769230769,36-40
40,0.0,Travel_Frequently,1184,Sales,2,4,Medical,2,Male,62,3,2,Sales Executive,2,Married,4327,25440,5,No,12,3,4,3,5,2,3,0,0,0,0,35,1.0,,,0.0,0.0,6.0,592.0,18711.0,36-40
36,0.0,Non-Travel,1105,Research & Development,24,4,Life Sciences,2,Female,47,3,2,Laboratory Technician,2,Married,5674,6927,7,No,15,3,3,1,11,3,3,9,8,0,8,25,1.5714285714285714,0.8888888888888888,0.8888888888888888,0.8181818181818182,9.0,0.3333333333333333,46.041666666666664,630.4444444444445,36-40
21,0.0,Travel_Rarely,391,Research & Development,15,2,Life Sciences,3,Male,96,3,1,Research Scientist,4,Single,1232,19281,1,No,14,3,4,0,0,6,3,0,0,0,0,21,0.0,,,,0.0,6.0,26.066666666666666,18711.0,15-25
34,0.0,Travel_Rarely,204,Sales,14,3,Technical Degree,3,Female,31,3,1,Sales Representative,3,Divorced,2579,2912,1,Yes,18,3,4,2,8,3,3,8,2,0,6,26,8.0,0.25,0.75,1.0,8.0,0.375,14.571428571428571,322.375,31-35
34,0.0,Travel_Rarely,665,Research & Development,6,4,Other,1,Female,41,3,2,Research Scientist,3,Single,4809,12482,1,No,14,3,3,0,16,3,3,16,13,2,10,18,16.0,0.8125,0.625,1.0,5.333333333333333,0.1875,110.83333333333333,300.5625,31-35
39,0.0,Travel_Rarely,1383,Human Resources,2,3,Life Sciences,4,Female,42,2,2,Human Resources,4,Married,5204,7790,8,No,11,3,3,2,13,2,3,5,4,0,4,26,1.625,0.8,0.8,0.38461538461538464,5.0,0.4,691.5,1040.8,36-40
45,0.0,Travel_Rarely,549,Research & Development,8,4,Other,4,Male,75,3,2,Research Scientist,4,Married,3697,9278,9,No,14,3,1,2,12,3,3,10,9,9,8,33,1.3333333333333333,0.9,0.8,0.8333333333333334,1.0,0.3,68.625,369.7,41-50
31,1.0,Travel_Frequently,307,Research & Development,29,2,Medical,3,Male,71,2,1,Laboratory Technician,2,Single,3479,11652,0,No,11,3,2,0,6,2,4,5,4,1,4,25,40.0,0.8,0.8,0.8333333333333334,2.5,0.4,10.586206896551724,695.8,31-35
38,0.0,Travel_Rarely,1035,Sales,3,4,Life Sciences,2,Male,42,3,2,Sales Executive,4,Single,6861,4981,8,Yes,12,3,3,0,19,1,3,1,0,0,0,19,2.375,0.0,0.0,0.05263157894736842,1.0,1.0,345.0,6861.0,36-40
31,0.0,Travel_Frequently,1327,Research & Development,3,4,Medical,2,Male,73,3,3,Research Director,3,Divorced,13675,13523,9,No,12,3,1,1,9,3,3,2,2,2,2,22,1.0,1.0,1.0,0.2222222222222222,0.6666666666666666,1.5,442.3333333333333,6837.5,31-35
26,0.0,Travel_Rarely,991,Research & Development,6,3,Life Sciences,3,Female,71,3,1,Laboratory Technician,4,Married,2659,17759,1,Yes,13,3,3,1,3,2,3,3,2,0,2,23,3.0,0.6666666666666666,0.6666666666666666,1.0,3.0,0.6666666666666666,165.16666666666666,886.3333333333334,26-30
30,0.0,Travel_Rarely,1138,Research & Development,6,3,Technical Degree,1,Female,48,2,2,Laboratory Technician,4,Married,4627,23631,0,No,12,3,1,1,10,6,3,9,2,6,7,20,40.0,0.2222222222222222,0.7777777777777778,0.9,1.2857142857142858,0.6666666666666666,189.66666666666666,514.1111111111111,26-30
34,0.0,Travel_Rarely,943,Research & Development,9,3,Life Sciences,4,Male,86,3,3,Healthcare Representative,4,Divorced,8500,5494,0,No,11,3,4,1,10,0,2,9,7,1,6,24,40.0,0.7777777777777778,0.6666666666666666,0.9,4.5,0.0,104.77777777777777,944.4444444444445,31-35
35,0.0,Travel_Rarely,735,Research & Development,6,1,Life Sciences,3,Male,66,3,1,Research Scientist,3,Married,3506,6020,0,Yes,14,3,4,0,4,3,3,3,2,2,2,31,40.0,0.6666666666666666,0.6666666666666666,0.75,1.0,1.0,122.5,1168.6666666666667,31-35
27,0.0,Travel_Rarely,1240,Research & Development,2,4,Life Sciences,4,Female,33,3,1,Laboratory Technician,1,Divorced,2341,19715,1,No,13,3,4,1,1,6,3,1,0,0,0,26,1.0,0.0,0.0,1.0,1.0,6.0,620.0,2341.0,26-30
31,0.0,Travel_Rarely,691,Research & Development,5,4,Technical Degree,3,Male,86,3,1,Research Scientist,4,Married,4821,10077,0,Yes,12,3,3,1,6,4,3,5,2,0,3,25,40.0,0.4,0.6,0.8333333333333334,5.0,0.8,138.2,964.2,31-35
39,0.0,Travel_Frequently,443,Research & Development,8,1,Life Sciences,3,Female,48,3,1,Laboratory Technician,3,Married,3755,17872,1,No,11,3,1,1,8,3,3,8,3,0,7,31,8.0,0.375,0.875,1.0,8.0,0.375,55.375,469.375,36-40
29,0.0,Travel_Rarely,1252,Research & Development,23,2,Life Sciences,3,Male,81,4,1,Research Scientist,3,Married,2700,23779,1,No,24,4,3,1,10,3,3,10,7,0,7,19,10.0,0.7,0.7,1.0,10.0,0.3,54.43478260869565,270.0,26-30
29,1.0,Travel_Rarely,121,Sales,27,3,Marketing,2,Female,35,3,3,Sales Executive,4,Married,7639,24525,1,No,22,4,4,3,10,3,2,10,4,1,9,19,10.0,0.4,0.9,1.0,5.0,0.3,4.481481481481482,763.9,26-30
44,1.0,Travel_Rarely,935,Research & Development,3,3,Life Sciences,1,Male,89,3,1,Laboratory Technician,1,Married,2362,14669,4,No,12,3,3,0,10,4,4,3,2,1,2,34,2.5,0.6666666666666666,0.6666666666666666,0.3,1.5,1.3333333333333333,311.6666666666667,787.3333333333334,41-50
26,0.0,Travel_Rarely,841,Research & Development,6,3,Other,3,Female,46,2,1,Research Scientist,2,Married,2368,23300,1,No,19,3,3,0,5,3,2,5,4,4,3,21,5.0,0.8,0.6,1.0,1.0,0.6,140.16666666666666,473.6,26-30
48,0.0,Travel_Rarely,163,Sales,2,5,Marketing,2,Female,37,3,2,Sales Executive,4,Married,4051,19658,2,No,14,3,1,1,14,2,3,9,7,6,7,34,7.0,0.7777777777777778,0.7777777777777778,0.6428571428571429,1.2857142857142858,0.2222222222222222,81.5,450.1111111111111,41-50
38,0.0,Travel_Rarely,364,Research & Development,3,5,Technical Degree,4,Female,32,3,2,Research Scientist,3,Single,4317,2302,3,Yes,20,4,2,0,19,2,3,3,2,2,2,19,6.333333333333333,0.6666666666666666,0.6666666666666666,0.15789473684210525,1.0,0.6666666666666666,121.33333333333333,1439.0,36-40
23,1.0,Travel_Rarely,1243,Research & Development,6,3,Life Sciences,3,Male,63,4,1,Laboratory Technician,1,Married,1601,3445,1,Yes,21,4,3,2,1,2,3,0,0,0,0,22,1.0,,,0.0,0.0,6.0,207.16666666666666,18711.0,15-25
50,0.0,Travel_Rarely,939,Research & Development,24,3,Life Sciences,4,Male,95,3,4,Manufacturing Director,3,Married,13973,4161,3,Yes,18,3,4,1,22,2,3,12,11,1,5,28,7.333333333333333,0.9166666666666666,0.4166666666666667,0.5454545454545454,6.0,0.16666666666666666,39.125,1164.4166666666667,41-50
37,0.0,Travel_Rarely,1189,Sales,3,3,Life Sciences,3,Male,87,3,3,Sales Executive,4,Single,7428,14506,2,No,12,3,1,0,12,3,3,5,3,1,3,25,6.0,0.6,0.6,0.4166666666666667,2.5,0.6,396.3333333333333,1485.6,36-40
31,0.0,Travel_Rarely,1398,Human Resources,8,2,Medical,4,Female,96,4,1,Human Resources,2,Single,2109,24609,9,No,18,3,4,0,8,3,3,3,2,0,2,23,0.8888888888888888,0.6666666666666666,0.6666666666666666,0.375,3.0,1.0,174.75,703.0,31-35
49,1.0,Travel_Rarely,1184,Sales,11,3,Marketing,3,Female,43,3,3,Sales Executive,4,Married,7654,5860,1,No,18,3,1,2,9,3,4,9,8,7,7,40,9.0,0.8888888888888888,0.7777777777777778,1.0,1.125,0.3333333333333333,107.63636363636364,850.4444444444445,41-50
34,0.0,Travel_Frequently,135,Research & Development,19,3,Medical,3,Female,46,3,2,Laboratory Technician,2,Divorced,4444,22534,4,No,13,3,3,2,15,2,4,11,8,5,10,19,3.75,0.7272727272727273,0.9090909090909091,0.7333333333333333,1.8333333333333333,0.18181818181818182,7.105263157894737,404.0,31-35
41,1.0,Travel_Rarely,1102,Sales,1,2,Life Sciences,2,Female,94,3,2,Sales Executive,4,Single,5993,19479,8,Yes,11,3,1,0,8,0,1,6,4,0,5,33,1.0,0.6666666666666666,0.8333333333333334,0.75,6.0,0.0,1102.0,998.8333333333334,41-50
34,0.0,Travel_Rarely,970,Research & Development,8,2,Medical,2,Female,96,3,2,Healthcare Representative,3,Single,6142,7360,3,No,11,3,4,0,10,2,3,5,1,4,3,24,3.3333333333333335,0.2,0.6,0.5,1.0,0.4,121.25,1228.4,31-35
39,0.0,Travel_Frequently,505,Research & Development,2,4,Technical Degree,3,Female,64,3,3,Healthcare Representative,3,Single,10938,6420,0,No,25,4,4,0,20,1,3,19,6,11,8,19,40.0,0.3157894736842105,0.42105263157894735,0.95,1.5833333333333333,0.05263157894736842,252.5,575.6842105263158,36-40
32,1.0,Travel_Frequently,1125,Research & Development,16,1,Life Sciences,2,Female,72,1,1,Research Scientist,1,Single,3919,4681,1,Yes,22,4,2,0,10,5,3,10,2,6,7,22,10.0,0.2,0.7,1.0,1.4285714285714286,0.5,70.3125,391.9,31-35
37,0.0,Travel_Frequently,889,Research & Development,9,3,Medical,2,Male,53,3,1,Research Scientist,4,Married,2326,11411,1,Yes,12,3,3,3,4,3,2,4,2,1,2,33,4.0,0.5,0.5,1.0,2.0,0.75,98.77777777777777,581.5,36-40
30,1.0,Travel_Rarely,138,Research & Development,22,3,Life Sciences,1,Female,48,3,1,Research Scientist,3,Married,2132,11539,4,Yes,11,3,2,0,7,2,3,5,2,0,1,23,1.75,0.4,0.2,0.7142857142857143,5.0,0.4,6.2727272727272725,426.4,26-30
55,0.0,Travel_Rarely,452,Research & Development,1,3,Medical,4,Male,81,3,5,Manager,1,Single,19045,18938,0,Yes,14,3,3,0,37,2,3,36,10,4,13,18,40.0,0.2777777777777778,0.3611111111111111,0.972972972972973,7.2,0.05555555555555555,452.0,529.0277777777778,51-65
37,0.0,Travel_Rarely,1225,Research & Development,10,2,Life Sciences,4,Male,80,4,1,Research Scientist,4,Single,4680,15232,3,No,17,3,1,0,4,2,3,1,0,0,0,33,1.3333333333333333,0.0,0.0,0.25,1.0,2.0,122.5,4680.0,36-40
35,0.0,Travel_Rarely,619,Sales,1,3,Marketing,2,Male,85,3,2,Sales Executive,3,Married,4717,18659,9,No,11,3,3,0,15,2,3,11,9,6,9,20,1.6666666666666667,0.8181818181818182,0.8181818181818182,0.7333333333333333,1.5714285714285714,0.18181818181818182,619.0,428.8181818181818,31-35
46,0.0,Travel_Frequently,638,Research & Development,1,3,Medical,3,Male,40,2,3,Healthcare Representative,1,Married,10673,3142,2,Yes,13,3,3,1,21,5,2,10,9,9,5,25,10.5,0.9,0.5,0.47619047619047616,1.0,0.5,638.0,1067.3,41-50
36,0.0,Travel_Rarely,922,Research & Development,3,2,Life Sciences,1,Female,39,3,1,Laboratory Technician,4,Divorced,2835,2561,5,No,22,4,1,1,7,2,3,1,0,0,0,29,1.4,0.0,0.0,0.14285714285714285,1.0,2.0,307.3333333333333,2835.0,36-40
24,0.0,Non-Travel,1269,Research & Development,4,1,Life Sciences,1,Male,46,2,1,Laboratory Technician,4,Married,3162,10778,0,No,17,3,4,0,6,2,2,5,2,3,4,18,40.0,0.4,0.8,0.8333333333333334,1.25,0.4,317.25,632.4,15-25
50,0.0,Travel_Rarely,1464,Research & Development,2,4,Medical,2,Male,62,3,5,Research Director,3,Married,19237,12853,2,Yes,11,3,4,1,29,2,2,8,1,7,7,21,14.5,0.125,0.875,0.27586206896551724,1.0,0.25,732.0,2404.625,41-50
32,0.0,Non-Travel,1184,Research & Development,1,3,Life Sciences,3,Female,70,2,1,Laboratory Technician,2,Married,2332,3974,6,No,20,4,3,0,5,3,3,3,0,0,2,27,0.8333333333333334,0.0,0.6666666666666666,0.6,3.0,1.0,1184.0,777.3333333333334,31-35
34,0.0,Travel_Rarely,121,Research & Development,2,4,Medical,3,Female,86,2,1,Research Scientist,1,Single,4381,7530,1,No,11,3,3,0,6,3,3,6,5,1,3,28,6.0,0.8333333333333334,0.5,1.0,3.0,0.5,60.5,730.1666666666666,31-35
26,0.0,Travel_Rarely,652,Research & Development,7,3,Other,3,Male,100,4,1,Laboratory Technician,1,Single,3578,23577,0,No,12,3,4,0,8,2,3,7,7,0,7,18,40.0,1.0,1.0,0.875,7.0,0.2857142857142857,93.14285714285714,511.14285714285717,26-30
33,0.0,Travel_Frequently,1141,Sales,1,3,Life Sciences,3,Female,42,4,2,Sales Executive,1,Married,5376,3193,2,No,19,3,1,2,10,3,3,5,3,1,3,23,5.0,0.6,0.6,0.5,2.5,0.6,1141.0,1075.2,31-35
38,0.0,Travel_Frequently,1391,Research & Development,10,1,Medical,3,Male,66,3,1,Research Scientist,3,Married,2684,12127,0,No,17,3,2,1,3,0,2,2,1,0,2,35,40.0,0.5,1.0,0.6666666666666666,2.0,0.0,139.1,1342.0,36-40
37,0.0,Travel_Rarely,1462,Research & Development,11,3,Medical,1,Female,94,3,1,Laboratory Technician,3,Single,3629,19106,4,No,18,3,1,0,8,6,3,3,2,0,2,29,2.0,0.6666666666666666,0.6666666666666666,0.375,3.0,2.0,132.9090909090909,1209.6666666666667,36-40
35,0.0,Travel_Rarely,1276,Research & Development,16,3,Life Sciences,4,Male,72,3,3,Healthcare Representative,3,Married,7632,14295,4,Yes,12,3,3,0,10,2,3,8,7,0,0,25,2.5,0.875,0.0,0.8,8.0,0.25,79.75,954.0,31-35
32,0.0,Travel_Rarely,128,Research & Development,2,1,Technical Degree,4,Male,84,2,2,Laboratory Technician,1,Single,2176,19737,4,No,13,3,4,0,9,5,3,6,2,0,4,23,2.25,0.3333333333333333,0.6666666666666666,0.6666666666666666,6.0,0.8333333333333334,64.0,362.6666666666667,31-35
38,0.0,Travel_Frequently,240,Research & Development,2,4,Life Sciences,1,Female,75,4,2,Manufacturing Director,1,Single,5980,26085,6,Yes,12,3,4,0,17,2,3,15,7,4,12,21,2.8333333333333335,0.4666666666666667,0.8,0.8823529411764706,3.0,0.13333333333333333,120.0,398.6666666666667,36-40
39,0.0,Travel_Rarely,117,Research & Development,10,1,Medical,3,Male,99,3,4,Manager,1,Married,17068,5355,1,Yes,14,3,4,0,21,3,3,21,9,11,10,18,21.0,0.42857142857142855,0.47619047619047616,1.0,1.75,0.14285714285714285,11.7,812.7619047619048,36-40
33,0.0,Travel_Rarely,117,Research & Development,9,3,Medical,1,Male,60,3,1,Research Scientist,4,Married,2781,6311,0,No,13,3,2,1,15,5,3,14,10,4,10,18,40.0,0.7142857142857143,0.7142857142857143,0.9333333333333333,2.8,0.35714285714285715,13.0,198.64285714285714,31-35
59,0.0,Travel_Rarely,326,Sales,3,3,Life Sciences,3,Female,48,2,2,Sales Executive,4,Single,5171,16490,5,No,17,3,4,0,13,2,3,6,1,0,5,46,2.6,0.16666666666666666,0.8333333333333334,0.46153846153846156,6.0,0.3333333333333333,108.66666666666667,861.8333333333334,51-65
36,0.0,Travel_Rarely,928,Sales,1,2,Life Sciences,2,Male,56,3,2,Sales Executive,4,Married,6201,2823,1,Yes,14,3,4,1,18,1,2,18,14,4,11,18,18.0,0.7777777777777778,0.6111111111111112,1.0,3.6,0.05555555555555555,928.0,344.5,36-40
37,0.0,Travel_Frequently,663,Research & Development,11,3,Other,2,Male,47,3,3,Research Director,4,Divorced,12185,10056,1,Yes,14,3,3,3,10,1,3,10,8,0,7,27,10.0,0.8,0.7,1.0,10.0,0.1,60.27272727272727,1218.5,36-40
28,0.0,Travel_Rarely,1117,Research & Development,8,2,Life Sciences,4,Female,66,3,1,Research Scientist,4,Single,3310,4488,1,No,21,4,4,0,5,3,3,5,3,0,2,23,5.0,0.6,0.4,1.0,5.0,0.6,139.625,662.0,26-30
49,0.0,Travel_Rarely,1245,Research & Development,18,4,Life Sciences,4,Male,58,2,5,Research Director,3,Divorced,19502,2125,1,Yes,17,3,3,1,31,5,3,31,9,0,9,18,31.0,0.2903225806451613,0.2903225806451613,1.0,31.0,0.16129032258064516,69.16666666666667,629.0967741935484,41-50
34,0.0,Travel_Rarely,254,Research & Development,1,2,Life Sciences,2,Male,83,2,1,Research Scientist,4,Married,3622,22794,1,Yes,13,3,4,1,6,3,3,6,5,1,3,28,6.0,0.8333333333333334,0.5,1.0,3.0,0.5,254.0,603.6666666666666,31-35
35,1.0,Travel_Rarely,1204,Sales,4,3,Technical Degree,4,Male,86,3,3,Sales Executive,1,Single,9582,10333,0,Yes,22,4,1,0,9,2,3,8,7,4,7,26,40.0,0.875,0.875,0.8888888888888888,1.6,0.25,301.0,1197.75,31-35
27,0.0,Travel_Frequently,994,Sales,8,3,Life Sciences,4,Male,37,3,3,Sales Executive,3,Single,8726,2975,1,No,15,3,4,0,9,0,3,9,8,1,7,18,9.0,0.8888888888888888,0.7777777777777778,1.0,4.5,0.0,124.25,969.5555555555555,26-30
48,0.0,Travel_Rarely,1355,Research & Development,4,4,Life Sciences,3,Male,78,2,3,Healthcare Representative,3,Single,10999,22245,7,No,14,3,2,0,27,3,3,15,11,4,8,21,3.857142857142857,0.7333333333333333,0.5333333333333333,0.5555555555555556,3.0,0.2,338.75,733.2666666666667,41-50
41,0.0,Travel_Rarely,933,Research & Development,9,4,Life Sciences,3,Male,94,3,1,Laboratory Technician,1,Married,2238,6961,2,No,21,4,4,1,7,2,3,5,0,1,4,34,3.5,0.0,0.8,0.7142857142857143,2.5,0.4,103.66666666666667,447.6,41-50
36,0.0,Travel_Frequently,469,Research & Development,3,3,Technical Degree,3,Male,46,3,1,Research Scientist,2,Married,3692,9256,1,No,12,3,3,0,12,2,2,11,10,0,7,24,12.0,0.9090909090909091,0.6363636363636364,0.9166666666666666,11.0,0.18181818181818182,156.33333333333334,335.6363636363636,36-40
40,0.0,Non-Travel,1151,Research & Development,9,5,Life Sciences,4,Male,63,2,2,Healthcare Representative,4,Married,4876,14242,9,No,14,3,4,1,5,5,1,3,2,0,2,35,0.5555555555555556,0.6666666666666666,0.6666666666666666,0.6,3.0,1.6666666666666667,127.88888888888889,1625.3333333333333,36-40
31,0.0,Travel_Rarely,746,Research & Development,8,4,Life Sciences,3,Female,61,3,2,Manufacturing Director,4,Single,4424,20682,1,No,23,4,4,0,11,2,3,11,7,1,8,20,11.0,0.6363636363636364,0.7272727272727273,1.0,5.5,0.18181818181818182,93.25,402.1818181818182,31-35
20,1.0,Travel_Rarely,1362,Research & Development,10,1,Medical,4,Male,32,3,1,Research Scientist,3,Single,1009,26999,1,Yes,11,3,4,0,1,5,3,1,0,1,1,19,1.0,0.0,1.0,1.0,0.5,5.0,136.2,1009.0,15-25
36,1.0,Travel_Rarely,318,Research & Development,9,3,Medical,4,Male,79,2,1,Research Scientist,3,Married,3388,21777,0,Yes,17,3,1,1,2,0,2,1,0,0,0,34,40.0,0.0,0.0,0.5,1.0,0.0,35.333333333333336,3388.0,36-40
35,0.0,Travel_Frequently,944,Sales,1,3,Marketing,3,Female,92,3,3,Sales Executive,3,Single,8789,9096,1,No,14,3,1,0,10,3,4,10,7,0,8,25,10.0,0.7,0.8,1.0,10.0,0.3,944.0,878.9,31-35
24,0.0,Travel_Rarely,1206,Research & Development,17,1,Medical,4,Female,41,2,2,Manufacturing Director,3,Divorced,4377,24117,1,No,15,3,2,2,5,6,3,4,2,3,2,19,5.0,0.5,0.5,0.8,1.0,1.5,70.94117647058823,1094.25,15-25
23,0.0,Travel_Rarely,373,Research & Development,1,2,Life Sciences,4,Male,47,3,1,Research Scientist,3,Married,1223,16901,1,No,22,4,4,1,1,2,3,1,0,0,1,22,1.0,0.0,1.0,1.0,1.0,2.0,373.0,1223.0,15-25
28,0.0,Travel_Rarely,1476,Research & Development,16,2,Medical,2,Male,68,4,2,Healthcare Representative,1,Single,5661,4824,0,No,19,3,3,0,9,2,3,8,3,0,7,19,40.0,0.375,0.875,0.8888888888888888,8.0,0.25,92.25,707.625,26-30
60,0.0,Travel_Rarely,1179,Sales,16,4,Marketing,1,Male,84,3,2,Sales Executive,1,Single,5405,11924,8,No,14,3,4,0,10,1,3,2,2,2,2,50,1.25,1.0,1.0,0.2,0.6666666666666666,0.5,73.6875,2702.5,51-65
47,0.0,Travel_Frequently,1379,Research & Development,16,4,Medical,3,Male,64,4,2,Manufacturing Director,3,Divorced,5067,6759,1,Yes,19,3,3,0,20,3,4,19,10,2,7,27,20.0,0.5263157894736842,0.3684210526315789,0.95,6.333333333333333,0.15789473684210525,86.1875,266.6842105263158,41-50
41,0.0,Travel_Rarely,427,Human Resources,10,4,Human Resources,2,Male,73,2,5,Manager,4,Divorced,19141,8861,3,No,15,3,2,3,23,2,2,21,6,12,6,18,7.666666666666667,0.2857142857142857,0.2857142857142857,0.9130434782608695,1.6153846153846154,0.09523809523809523,42.7,911.4761904761905,41-50
24,0.0,Travel_Rarely,477,Research & Development,24,3,Medical,4,Male,49,3,1,Laboratory Technician,2,Single,3597,6409,8,No,22,4,4,0,6,2,3,4,3,1,2,18,0.75,0.75,0.5,0.6666666666666666,2.0,0.5,19.875,899.25,15-25
29,0.0,Travel_Rarely,1086,Research & Development,7,1,Medical,1,Female,62,2,1,Laboratory Technician,4,Divorced,2532,6054,6,No,14,3,3,3,8,5,3,4,3,0,3,21,1.3333333333333333,0.75,0.75,0.5,4.0,1.25,155.14285714285714,633.0,26-30
37,1.0,Travel_Frequently,504,Research & Development,10,3,Medical,1,Male,61,3,3,Manufacturing Director,3,Divorced,10048,22573,6,No,11,3,2,2,17,5,3,1,0,0,0,20,2.8333333333333335,0.0,0.0,0.058823529411764705,1.0,5.0,50.4,10048.0,36-40
55,0.0,Travel_Frequently,135,Research & Development,18,4,Medical,3,Male,62,3,2,Healthcare Representative,2,Married,6385,12992,3,Yes,14,3,4,2,17,3,3,8,7,6,7,38,5.666666666666667,0.875,0.875,0.47058823529411764,1.1428571428571428,0.375,7.5,798.125,51-65
30,0.0,Travel_Rarely,852,Research & Development,1,1,Life Sciences,4,Male,55,2,2,Laboratory Technician,4,Married,5126,15998,1,Yes,12,3,3,2,10,1,2,10,8,3,0,20,10.0,0.8,0.0,1.0,2.5,0.1,852.0,512.6,26-30
26,0.0,Travel_Rarely,703,Sales,28,2,Marketing,1,Male,66,3,2,Sales Executive,2,Married,6272,7428,1,No,20,4,4,2,6,5,4,5,3,1,4,20,6.0,0.6,0.8,0.8333333333333334,2.5,1.0,25.107142857142858,1254.4,26-30
29,1.0,Travel_Rarely,318,Research & Development,8,4,Other,2,Male,77,1,1,Laboratory Technician,1,Married,2119,4759,1,Yes,11,3,4,0,7,4,2,7,7,0,7,22,7.0,1.0,1.0,1.0,7.0,0.5714285714285714,39.75,302.7142857142857,26-30
25,1.0,Travel_Rarely,688,Research & Development,3,3,Medical,1,Male,91,3,1,Laboratory Technician,1,Married,4031,9396,5,No,13,3,3,1,6,5,3,2,2,0,2,19,1.2,1.0,1.0,0.3333333333333333,2.0,2.5,229.33333333333334,2015.5,15-25
37,0.0,Travel_Rarely,1107,Research & Development,14,3,Life Sciences,4,Female,95,3,1,Laboratory Technician,1,Divorced,3034,26914,1,No,12,3,3,1,18,2,2,18,7,12,17,19,18.0,0.3888888888888889,0.9444444444444444,1.0,1.3846153846153846,0.1111111111111111,79.07142857142857,168.55555555555554,36-40
36,0.0,Travel_Rarely,1278,Human Resources,8,3,Life Sciences,1,Male,77,2,1,Human Resources,1,Married,2342,8635,0,No,21,4,3,0,6,3,3,5,4,0,3,30,40.0,0.8,0.6,0.8333333333333334,5.0,0.6,159.75,468.4,36-40
41,1.0,Non-Travel,906,Research & Development,5,2,Life Sciences,1,Male,95,2,1,Research Scientist,1,Divorced,2107,20293,6,No,17,3,1,1,5,2,1,1,0,0,0,36,0.8333333333333334,0.0,0.0,0.2,1.0,2.0,181.2,2107.0,41-50
36,0.0,Travel_Rarely,1174,Sales,3,4,Marketing,1,Female,99,3,2,Sales Executive,2,Single,9278,20763,3,Yes,16,3,4,0,15,3,3,5,4,0,1,21,5.0,0.8,0.2,0.3333333333333333,5.0,0.6,391.3333333333333,1855.6,36-40
38,0.0,Travel_Rarely,1333,Research & Development,1,3,Technical Degree,4,Female,80,3,3,Research Director,1,Married,13582,16292,1,No,13,3,2,1,15,3,3,15,12,5,11,23,15.0,0.8,0.7333333333333333,1.0,2.5,0.2,1333.0,905.4666666666667,36-40
38,0.0,Travel_Rarely,362,Research & Development,1,1,Life Sciences,3,Female,43,3,1,Research Scientist,1,Single,2619,14561,3,No,17,3,4,0,8,3,2,0,0,0,0,30,2.6666666666666665,,,0.0,0.0,6.0,362.0,18711.0,36-40
51,0.0,Travel_Rarely,1318,Sales,26,4,Marketing,1,Female,66,3,4,Manager,3,Married,16307,5594,2,No,14,3,3,1,29,2,2,20,6,4,17,22,14.5,0.3,0.85,0.6896551724137931,4.0,0.1,50.69230769230769,815.35,51-65
37,0.0,Travel_Rarely,1319,Research & Development,6,3,Medical,3,Male,51,4,2,Research Scientist,1,Divorced,5974,17001,4,Yes,13,3,1,2,13,2,3,7,7,6,7,24,3.25,1.0,1.0,0.5384615384615384,1.0,0.2857142857142857,219.83333333333334,853.4285714285714,36-40
20,1.0,Travel_Frequently,871,Research & Development,6,3,Life Sciences,4,Female,66,2,1,Laboratory Technician,4,Single,2926,19783,1,Yes,18,3,2,0,1,5,3,1,0,1,0,19,1.0,0.0,0.0,1.0,0.5,5.0,145.16666666666666,2926.0,15-25
45,0.0,Travel_Rarely,974,Research & Development,1,4,Medical,4,Female,91,3,1,Laboratory Technician,4,Divorced,2270,11005,3,No,14,3,4,2,8,2,3,5,3,0,2,37,2.6666666666666665,0.6,0.4,0.625,5.0,0.4,974.0,454.0,41-50
24,1.0,Travel_Rarely,984,Research & Development,17,2,Life Sciences,4,Female,97,3,1,Laboratory Technician,2,Married,2210,3372,1,No,13,3,1,1,1,3,1,1,0,0,0,23,1.0,0.0,0.0,1.0,1.0,3.0,57.88235294117647,2210.0,15-25
52,0.0,Travel_Rarely,956,Research & Development,6,2,Technical Degree,4,Male,78,3,2,Research Scientist,1,Divorced,5577,22087,3,Yes,12,3,2,2,18,3,3,10,9,6,9,34,6.0,0.9,0.9,0.5555555555555556,1.4285714285714286,0.3,159.33333333333334,557.7,51-65
49,0.0,Travel_Rarely,1261,Research & Development,7,3,Other,2,Male,31,2,3,Healthcare Representative,3,Single,10965,12066,8,No,24,4,3,0,26,2,3,5,2,0,0,23,3.25,0.4,0.0,0.19230769230769232,5.0,0.4,180.14285714285714,2193.0,41-50
19,1.0,Travel_Rarely,528,Sales,22,1,Marketing,4,Male,50,3,1,Sales Representative,3,Single,1675,26820,1,Yes,19,3,4,0,0,2,2,0,0,0,0,19,0.0,,,,0.0,6.0,24.0,18711.0,15-25
24,0.0,Non-Travel,673,Research & Development,11,2,Other,1,Female,96,4,2,Manufacturing Director,3,Divorced,4011,8232,0,No,18,3,4,1,5,5,2,4,2,1,3,19,40.0,0.5,0.75,0.8,2.0,1.25,61.18181818181818,1002.75,15-25
22,0.0,Travel_Rarely,604,Research & Development,6,1,Medical,1,Male,69,3,1,Research Scientist,3,Married,2773,12145,0,No,20,4,4,0,3,3,3,2,2,2,2,19,40.0,1.0,1.0,0.6666666666666666,0.6666666666666666,1.5,100.66666666666667,1386.5,15-25
42,0.0,Travel_Frequently,570,Research & Development,8,3,Life Sciences,2,Male,66,3,5,Manager,4,Divorced,18430,16225,1,No,13,3,2,1,24,4,2,24,7,14,9,18,24.0,0.2916666666666667,0.375,1.0,1.6,0.16666666666666666,71.25,767.9166666666666,41-50
33,0.0,Travel_Frequently,1392,Research & Development,3,4,Life Sciences,4,Female,56,3,1,Research Scientist,3,Married,2909,23159,1,Yes,11,3,3,0,8,3,3,8,7,3,0,25,8.0,0.875,0.0,1.0,2.0,0.375,464.0,363.625,31-35
37,0.0,Travel_Rarely,1115,Research & Development,1,4,Life Sciences,1,Male,51,2,2,Manufacturing Director,3,Divorced,5993,2689,1,No,18,3,3,1,7,2,4,7,5,0,7,30,7.0,0.7142857142857143,1.0,1.0,7.0,0.2857142857142857,1115.0,856.1428571428571,36-40
39,0.0,Travel_Frequently,1218,Research & Development,1,1,Life Sciences,2,Male,52,3,5,Manager,3,Divorced,19197,8213,1,Yes,14,3,3,1,21,3,3,21,8,1,6,18,21.0,0.38095238095238093,0.2857142857142857,1.0,10.5,0.14285714285714285,1218.0,914.1428571428571,36-40
36,0.0,Travel_Frequently,607,Sales,7,3,Marketing,1,Female,83,4,2,Sales Executive,1,Married,4639,2261,2,No,16,3,4,1,17,2,2,15,7,6,13,19,8.5,0.4666666666666667,0.8666666666666667,0.8823529411764706,2.142857142857143,0.13333333333333333,86.71428571428571,309.26666666666665,36-40
50,0.0,Travel_Rarely,1046,Research & Development,10,3,Technical Degree,4,Male,100,2,3,Healthcare Representative,4,Single,10496,2755,6,No,15,3,4,0,20,2,3,4,3,1,3,30,3.3333333333333335,0.75,0.75,0.2,2.0,0.5,104.6,2624.0,41-50
33,0.0,Travel_Rarely,213,Research & Development,7,3,Medical,3,Male,49,3,3,Research Director,3,Married,11691,25995,0,No,11,3,4,0,14,3,4,13,9,3,7,19,40.0,0.6923076923076923,0.5384615384615384,0.9285714285714286,3.25,0.23076923076923078,30.428571428571427,899.3076923076923,31-35
43,0.0,Travel_Frequently,1001,Research & Development,9,5,Medical,4,Male,72,3,2,Laboratory Technician,3,Divorced,5679,19627,3,Yes,13,3,2,1,10,3,3,8,7,4,7,33,3.3333333333333335,0.875,0.875,0.8,1.6,0.375,111.22222222222223,709.875,41-50
30,0.0,Travel_Rarely,1275,Research & Development,28,2,Medical,4,Female,64,3,2,Research Scientist,4,Married,5775,11934,1,No,13,3,4,2,11,2,3,10,8,1,9,19,11.0,0.8,0.9,0.9090909090909091,5.0,0.2,45.535714285714285,577.5,26-30
36,1.0,Travel_Rarely,1218,Sales,9,4,Life Sciences,3,Male,82,2,1,Sales Representative,1,Single,3407,6986,7,No,23,4,2,0,10,4,3,5,3,0,3,26,1.4285714285714286,0.6,0.6,0.5,5.0,0.8,135.33333333333334,681.4,36-40
27,0.0,Travel_Rarely,1055,Research & Development,2,4,Life Sciences,1,Female,47,3,2,Manufacturing Director,4,Married,4227,4658,0,No,18,3,2,1,4,2,3,3,2,2,2,23,40.0,0.6666666666666666,0.6666666666666666,0.75,1.0,0.6666666666666666,527.5,1409.0,26-30
42,0.0,Travel_Rarely,469,Research & Development,2,2,Medical,4,Male,35,3,4,Manager,1,Married,17665,14399,0,No,17,3,4,1,23,3,3,22,6,13,7,19,40.0,0.2727272727272727,0.3181818181818182,0.9565217391304348,1.5714285714285714,0.13636363636363635,234.5,802.9545454545455,41-50
36,1.0,Travel_Rarely,660,Research & Development,15,3,Other,1,Male,81,3,2,Laboratory Technician,3,Divorced,4834,7858,7,No,14,3,2,1,9,3,2,1,0,0,0,27,1.2857142857142858,0.0,0.0,0.1111111111111111,1.0,3.0,44.0,4834.0,36-40
29,0.0,Travel_Rarely,1329,Research & Development,7,3,Life Sciences,3,Male,82,3,2,Healthcare Representative,4,Divorced,6623,4204,1,Yes,11,3,2,2,6,2,3,6,0,1,0,23,6.0,0.0,0.0,1.0,3.0,0.3333333333333333,189.85714285714286,1103.8333333333333,26-30
37,0.0,Travel_Rarely,482,Research & Development,3,3,Other,3,Male,36,3,3,Manufacturing Director,3,Married,9434,9606,1,No,15,3,3,1,10,2,3,10,7,7,8,27,10.0,0.7,0.8,1.0,1.25,0.2,160.66666666666666,943.4,36-40
40,0.0,Travel_Rarely,1416,Research & Development,2,2,Medical,1,Male,49,3,5,Research Director,3,Divorced,19436,5949,0,No,19,3,4,1,22,5,3,21,7,3,9,18,40.0,0.3333333333333333,0.42857142857142855,0.9545454545454546,5.25,0.23809523809523808,708.0,925.5238095238095,36-40
58,1.0,Travel_Rarely,286,Research & Development,2,4,Life Sciences,4,Male,31,3,5,Research Director,2,Single,19246,25761,7,Yes,12,3,4,0,40,2,3,31,15,13,8,18,5.714285714285714,0.4838709677419355,0.25806451612903225,0.775,2.2142857142857144,0.06451612903225806,143.0,620.8387096774194,51-65
40,0.0,Travel_Rarely,1308,Research & Development,14,3,Medical,3,Male,44,2,5,Research Director,3,Single,19626,17544,1,No,14,3,1,0,21,2,4,20,7,4,9,19,21.0,0.35,0.45,0.9523809523809523,4.0,0.1,93.42857142857143,981.3,36-40
30,0.0,Travel_Rarely,1339,Sales,5,3,Life Sciences,2,Female,41,3,3,Sales Executive,4,Married,9419,8053,2,No,12,3,3,1,12,2,3,10,9,7,4,18,6.0,0.9,0.4,0.8333333333333334,1.25,0.2,267.8,941.9,26-30
33,1.0,Travel_Rarely,118,Sales,16,3,Marketing,1,Female,69,3,2,Sales Executive,1,Single,5324,26507,5,No,15,3,3,0,6,3,3,3,2,0,2,27,1.2,0.6666666666666666,0.6666666666666666,0.5,3.0,1.0,7.375,1774.6666666666667,31-35
31,0.0,Non-Travel,979,Research & Development,1,4,Medical,3,Male,90,1,2,Manufacturing Director,3,Married,4345,4381,0,No,12,3,4,1,6,2,3,5,4,1,4,25,40.0,0.8,0.8,0.8333333333333334,2.5,0.4,979.0,869.0,31-35
30,0.0,Non-Travel,879,Research & Development,9,2,Medical,3,Female,72,3,2,Manufacturing Director,3,Single,4695,12858,7,Yes,18,3,3,0,10,3,3,8,4,1,7,20,1.4285714285714286,0.5,0.875,0.8,4.0,0.375,97.66666666666667,586.875,26-30
59,0.0,Travel_Rarely,1324,Research & Development,3,3,Medical,3,Female,81,4,1,Laboratory Technician,1,Married,2670,9964,4,Yes,20,4,1,3,12,3,2,1,0,0,0,47,3.0,0.0,0.0,0.08333333333333333,1.0,3.0,441.3333333333333,2670.0,51-65
49,1.0,Travel_Frequently,1475,Research & Development,28,2,Life Sciences,1,Male,97,2,2,Laboratory Technician,1,Single,4284,22710,3,No,20,4,1,0,20,2,3,4,3,1,3,29,6.666666666666667,0.75,0.75,0.2,2.0,0.5,52.67857142857143,1071.0,41-50
28,0.0,Travel_Rarely,736,Sales,26,3,Life Sciences,3,Male,48,2,2,Sales Executive,1,Married,4724,24232,1,No,11,3,3,1,5,0,3,5,3,0,4,23,5.0,0.6,0.8,1.0,5.0,0.0,28.307692307692307,944.8,26-30
36,0.0,Travel_Rarely,325,Research & Development,10,4,Technical Degree,4,Female,63,3,3,Healthcare Representative,3,Married,7094,5747,3,No,12,3,1,0,10,0,3,7,7,1,7,26,3.3333333333333335,1.0,1.0,0.7,3.5,0.0,32.5,1013.4285714285714,36-40
28,1.0,Travel_Rarely,103,Research & Development,24,3,Life Sciences,3,Male,50,2,1,Laboratory Technician,3,Single,2028,12947,5,Yes,14,3,2,0,6,4,3,4,2,0,3,22,1.2,0.5,0.75,0.6666666666666666,4.0,1.0,4.291666666666667,507.0,26-30
26,1.0,Travel_Frequently,575,Research & Development,3,1,Technical Degree,3,Male,73,3,1,Research Scientist,1,Single,3102,6582,0,No,22,4,3,0,7,2,3,6,4,0,4,19,40.0,0.6666666666666666,0.6666666666666666,0.8571428571428571,6.0,0.3333333333333333,191.66666666666666,517.0,26-30
31,0.0,Non-Travel,1188,Sales,20,2,Marketing,4,Female,45,3,2,Sales Executive,3,Married,6932,24406,1,No,13,3,4,1,9,2,2,9,8,0,0,22,9.0,0.8888888888888888,0.0,1.0,9.0,0.2222222222222222,59.4,770.2222222222222,31-35
40,0.0,Non-Travel,1094,Sales,28,3,Other,3,Male,58,1,3,Sales Executive,1,Divorced,10932,11373,3,No,15,3,3,1,20,2,3,1,0,0,1,20,6.666666666666667,0.0,1.0,0.05,1.0,2.0,39.07142857142857,10932.0,36-40
27,0.0,Travel_Rarely,1134,Research & Development,16,4,Technical Degree,3,Female,37,3,1,Laboratory Technician,2,Married,2811,12086,9,No,14,3,2,1,4,2,3,2,2,2,2,23,0.4444444444444444,1.0,1.0,0.5,0.6666666666666666,1.0,70.875,1405.5,26-30
50,0.0,Travel_Frequently,1115,Research & Development,1,3,Life Sciences,1,Female,73,3,5,Research Director,2,Married,18172,9755,3,Yes,19,3,1,0,28,1,2,8,3,0,7,22,9.333333333333334,0.375,0.875,0.2857142857142857,8.0,0.125,1115.0,2271.5,41-50
33,1.0,Travel_Rarely,1277,Research & Development,15,1,Medical,2,Male,56,3,3,Manager,3,Married,13610,24619,7,Yes,12,3,4,0,15,2,4,7,6,7,7,18,2.142857142857143,0.8571428571428571,1.0,0.4666666666666667,0.875,0.2857142857142857,85.13333333333334,1944.2857142857142,31-35
46,0.0,Travel_Frequently,1034,Research & Development,18,1,Medical,1,Female,86,3,3,Healthcare Representative,3,Married,10527,8984,5,No,11,3,4,0,28,3,2,2,2,1,2,18,5.6,1.0,1.0,0.07142857142857142,1.0,1.5,57.44444444444444,5263.5,41-50
33,1.0,Travel_Rarely,1017,Research & Development,25,3,Medical,1,Male,55,2,1,Research Scientist,2,Single,2313,2993,4,Yes,20,4,2,0,5,0,3,2,2,2,2,28,1.25,1.0,1.0,0.4,0.6666666666666666,0.0,40.68,1156.5,31-35
37,0.0,Travel_Rarely,397,Research & Development,7,4,Medical,1,Male,30,3,3,Research Director,3,Single,13664,25258,4,No,13,3,1,0,16,3,4,5,2,0,2,21,4.0,0.4,0.4,0.3125,5.0,0.6,56.714285714285715,2732.8,36-40
26,0.0,Travel_Rarely,775,Sales,29,2,Medical,1,Male,45,3,2,Sales Executive,3,Divorced,4306,4267,5,No,12,3,1,2,8,5,3,0,0,0,0,18,1.6,,,0.0,0.0,6.0,26.724137931034484,18711.0,26-30
50,0.0,Travel_Rarely,854,Sales,1,4,Medical,4,Female,68,3,5,Manager,4,Divorced,19517,24118,3,No,11,3,3,1,32,3,2,7,0,0,6,18,10.666666666666666,0.0,0.8571428571428571,0.21875,7.0,0.42857142857142855,854.0,2788.1428571428573,41-50
58,1.0,Travel_Rarely,601,Research & Development,7,4,Medical,3,Female,53,2,3,Manufacturing Director,1,Married,10008,12023,7,Yes,14,3,4,0,31,0,2,10,9,5,9,27,4.428571428571429,0.9,0.9,0.3225806451612903,1.6666666666666667,0.0,85.85714285714286,1000.8,51-65
31,0.0,Travel_Rarely,329,Research & Development,1,2,Life Sciences,4,Male,98,2,1,Laboratory Technician,1,Married,2218,16193,1,No,12,3,3,1,4,3,3,4,2,3,2,27,4.0,0.5,0.5,1.0,1.0,0.75,329.0,554.5,31-35
26,0.0,Travel_Frequently,921,Research & Development,1,1,Medical,1,Female,66,2,1,Research Scientist,3,Divorced,2007,25265,1,No,13,3,3,2,5,5,3,5,3,1,3,21,5.0,0.6,0.6,1.0,2.5,1.0,921.0,401.4,26-30
30,1.0,Travel_Frequently,464,Research & Development,4,3,Technical Degree,3,Male,40,3,1,Research Scientist,4,Single,2285,3427,9,Yes,23,4,3,0,3,4,3,1,0,0,0,27,0.3333333333333333,0.0,0.0,0.3333333333333333,1.0,4.0,116.0,2285.0,26-30
33,0.0,Travel_Frequently,430,Sales,7,3,Medical,4,Male,54,3,2,Sales Executive,1,Married,4373,17456,0,No,14,3,1,2,5,2,3,4,3,0,3,28,40.0,0.75,0.75,0.8,4.0,0.5,61.42857142857143,1093.25,31-35
59,0.0,Travel_Rarely,1089,Sales,1,2,Technical Degree,2,Male,66,3,3,Manager,4,Married,11904,11038,3,Yes,14,3,3,1,14,1,1,6,4,0,4,45,4.666666666666667,0.6666666666666666,0.6666666666666666,0.42857142857142855,6.0,0.16666666666666666,1089.0,1984.0,51-65
45,0.0,Travel_Rarely,1385,Research & Development,20,2,Medical,3,Male,79,3,4,Healthcare Representative,4,Married,13496,7501,0,Yes,14,3,2,0,21,2,3,20,7,4,10,24,40.0,0.35,0.5,0.9523809523809523,4.0,0.1,69.25,674.8,41-50
58,0.0,Travel_Rarely,1272,Research & Development,5,3,Technical Degree,3,Female,37,2,3,Healthcare Representative,2,Divorced,10552,9255,2,Yes,13,3,4,1,24,3,3,6,0,0,4,34,12.0,0.0,0.6666666666666666,0.25,6.0,0.5,254.4,1758.6666666666667,51-65
28,0.0,Travel_Rarely,440,Research & Development,21,3,Medical,3,Male,42,3,1,Research Scientist,4,Married,2713,6672,1,No,11,3,3,1,5,2,1,5,2,0,2,23,5.0,0.4,0.4,1.0,5.0,0.4,20.952380952380953,542.6,26-30
30,0.0,Travel_Rarely,852,Sales,10,3,Marketing,3,Male,72,2,2,Sales Executive,3,Married,6578,2706,1,No,18,3,1,1,10,3,3,10,3,1,4,20,10.0,0.3,0.4,1.0,5.0,0.3,85.2,657.8,26-30
46,0.0,Travel_Frequently,1211,Sales,5,4,Marketing,1,Male,98,3,2,Sales Executive,4,Single,5772,20445,4,Yes,21,4,3,0,14,4,3,9,6,0,8,32,3.5,0.6666666666666666,0.8888888888888888,0.6428571428571429,9.0,0.4444444444444444,242.2,641.3333333333334,41-50
31,1.0,Travel_Frequently,1060,Sales,1,3,Life Sciences,4,Female,54,3,1,Sales Representative,2,Single,2302,8319,1,Yes,11,3,1,0,3,2,4,3,2,2,2,28,3.0,0.6666666666666666,0.6666666666666666,1.0,1.0,0.6666666666666666,1060.0,767.3333333333334,31-35
31,1.0,Travel_Rarely,202,Research & Development,8,3,Life Sciences,1,Female,34,2,1,Research Scientist,2,Single,1261,22262,1,No,12,3,3,0,1,3,4,1,0,0,0,30,1.0,0.0,0.0,1.0,1.0,3.0,25.25,1261.0,31-35
22,0.0,Travel_Rarely,1256,Research & Development,19,1,Medical,3,Male,80,3,1,Research Scientist,4,Married,2323,11992,1,No,24,4,1,2,2,6,3,2,2,2,2,20,2.0,1.0,1.0,1.0,0.6666666666666666,3.0,66.10526315789474,1161.5,15-25
22,0.0,Non-Travel,1123,Research & Development,16,2,Medical,4,Male,96,4,1,Laboratory Technician,4,Divorced,2935,7324,1,Yes,13,3,2,2,1,2,2,1,0,0,0,21,1.0,0.0,0.0,1.0,1.0,2.0,70.1875,2935.0,15-25
36,0.0,Travel_Rarely,852,Research & Development,5,4,Life Sciences,2,Female,82,2,1,Research Scientist,1,Married,3419,13072,9,Yes,14,3,4,1,6,3,4,1,1,0,0,30,0.6666666666666666,1.0,0.0,0.16666666666666666,1.0,3.0,170.4,3419.0,36-40
43,0.0,Travel_Frequently,185,Research & Development,10,4,Life Sciences,3,Female,33,3,1,Laboratory Technician,4,Single,2455,10675,0,No,19,3,1,0,9,5,3,8,7,1,7,34,40.0,0.875,0.875,0.8888888888888888,4.0,0.625,18.5,306.875,41-50
35,1.0,Travel_Frequently,130,Research & Development,25,4,Life Sciences,4,Female,96,3,1,Research Scientist,2,Divorced,2022,16612,1,Yes,19,3,1,1,10,3,2,10,2,7,8,25,10.0,0.2,0.8,1.0,1.25,0.3,5.2,202.2,31-35
60,0.0,Travel_Frequently,1499,Sales,28,3,Marketing,3,Female,80,2,3,Sales Executive,1,Married,10266,2845,4,No,19,3,4,0,22,5,4,18,13,13,11,38,5.5,0.7222222222222222,0.6111111111111112,0.8181818181818182,1.2857142857142858,0.2777777777777778,53.535714285714285,570.3333333333334,51-65
34,0.0,Travel_Rarely,131,Sales,2,3,Marketing,3,Female,86,3,2,Sales Executive,1,Single,4538,6039,0,Yes,12,3,4,0,4,3,3,3,2,0,2,30,40.0,0.6666666666666666,0.6666666666666666,0.75,3.0,1.0,65.5,1512.6666666666667,31-35
39,1.0,Travel_Rarely,1122,Research & Development,6,3,Medical,4,Male,70,3,1,Laboratory Technician,1,Married,2404,4303,7,Yes,21,4,4,0,8,2,1,2,2,2,2,31,1.1428571428571428,1.0,1.0,0.25,0.6666666666666666,1.0,187.0,1202.0,36-40
38,0.0,Travel_Rarely,770,Sales,10,4,Marketing,3,Male,73,2,3,Sales Executive,3,Divorced,8740,5569,0,Yes,14,3,2,2,9,2,3,8,7,2,7,29,40.0,0.875,0.875,0.8888888888888888,2.6666666666666665,0.25,77.0,1092.5,36-40
33,1.0,Travel_Rarely,587,Research & Development,10,1,Medical,1,Male,38,1,1,Laboratory Technician,4,Divorced,3408,6705,7,No,13,3,1,3,8,2,3,4,3,1,3,25,1.1428571428571428,0.75,0.75,0.5,2.0,0.5,58.7,852.0,31-35
25,0.0,Travel_Rarely,891,Sales,4,2,Life Sciences,2,Female,99,2,2,Sales Executive,4,Single,4487,12090,1,Yes,11,3,2,0,5,3,3,5,4,1,3,20,5.0,0.8,0.6,1.0,2.5,0.6,222.75,897.4,15-25
49,0.0,Travel_Rarely,1495,Research & Development,5,4,Technical Degree,1,Male,96,3,2,Healthcare Representative,3,Married,6651,21534,2,No,14,3,2,1,20,0,2,3,2,1,2,29,10.0,0.6666666666666666,0.6666666666666666,0.15,1.5,0.0,299.0,2217.0,41-50
45,0.0,Travel_Rarely,788,Human Resources,24,4,Medical,2,Male,36,3,1,Human Resources,2,Single,2177,8318,1,No,16,3,1,0,6,3,3,6,3,0,4,39,6.0,0.5,0.6666666666666666,1.0,6.0,0.5,32.833333333333336,362.8333333333333,41-50
43,0.0,Travel_Rarely,982,Research & Development,12,3,Life Sciences,1,Male,59,2,4,Research Director,2,Divorced,14336,4345,1,No,11,3,3,1,25,3,3,25,10,3,9,18,25.0,0.4,0.36,1.0,6.25,0.12,81.83333333333333,573.44,41-50
34,0.0,Travel_Frequently,829,Research & Development,15,3,Medical,2,Male,71,3,4,Research Director,1,Divorced,17007,11929,7,No,14,3,4,2,16,3,2,14,8,6,9,18,2.2857142857142856,0.5714285714285714,0.6428571428571429,0.875,2.0,0.21428571428571427,55.266666666666666,1214.7857142857142,31-35
34,0.0,Travel_Rarely,1333,Sales,10,4,Life Sciences,3,Female,87,3,1,Sales Representative,3,Married,2220,18410,1,Yes,19,3,4,1,1,2,3,1,1,0,0,33,1.0,1.0,0.0,1.0,1.0,2.0,133.3,2220.0,31-35
23,0.0,Travel_Rarely,310,Research & Development,10,1,Medical,1,Male,79,4,1,Research Scientist,3,Single,3505,19630,1,No,18,3,4,0,2,3,3,2,2,0,2,21,2.0,1.0,1.0,1.0,2.0,1.5,31.0,1752.5,15-25
37,0.0,Travel_Rarely,571,Research & Development,10,1,Life Sciences,4,Female,82,3,1,Research Scientist,1,Divorced,2782,19905,0,Yes,13,3,2,2,6,3,2,5,3,4,3,31,40.0,0.6,0.6,0.8333333333333334,1.0,0.6,57.1,556.4,36-40
35,0.0,Travel_Rarely,384,Sales,8,4,Life Sciences,1,Female,72,3,1,Sales Representative,4,Married,2572,20317,1,No,16,3,2,1,3,1,2,3,2,0,2,32,3.0,0.6666666666666666,0.6666666666666666,1.0,3.0,0.3333333333333333,48.0,857.3333333333334,31-35
36,1.0,Travel_Rarely,530,Sales,3,1,Life Sciences,3,Male,51,2,3,Sales Executive,4,Married,10325,5518,1,Yes,11,3,1,1,16,6,3,16,7,3,7,20,16.0,0.4375,0.4375,1.0,4.0,0.375,176.66666666666666,645.3125,36-40
23,0.0,Travel_Rarely,1309,Research & Development,26,1,Life Sciences,3,Male,83,3,1,Research Scientist,4,Divorced,2904,16092,1,No,12,3,3,2,4,2,2,4,2,0,2,19,4.0,0.5,0.5,1.0,4.0,0.5,50.34615384615385,726.0,15-25
25,0.0,Travel_Rarely,883,Sales,26,1,Medical,3,Female,32,3,2,Sales Executive,4,Single,6180,22807,1,No,23,4,2,0,6,5,2,6,5,1,4,19,6.0,0.8333333333333334,0.6666666666666666,1.0,3.0,0.8333333333333334,33.96153846153846,1030.0,15-25
43,0.0,Non-Travel,1344,Research & Development,7,3,Medical,4,Male,37,4,1,Research Scientist,4,Divorced,2089,5228,4,No,14,3,4,3,7,3,4,5,4,2,2,36,1.75,0.8,0.4,0.7142857142857143,1.6666666666666667,0.6,192.0,417.8,41-50
41,1.0,Travel_Rarely,1085,Research & Development,2,4,Life Sciences,2,Female,57,1,1,Laboratory Technician,4,Divorced,2778,17725,4,Yes,13,3,3,1,10,1,2,7,7,1,0,31,2.5,1.0,0.0,0.7,3.5,0.14285714285714285,542.5,396.85714285714283,41-50
25,0.0,Travel_Rarely,1356,Sales,10,4,Life Sciences,3,Male,57,3,2,Sales Executive,4,Single,4950,20623,0,No,14,3,2,0,5,4,3,4,3,1,1,20,40.0,0.75,0.25,0.8,2.0,1.0,135.6,1237.5,15-25
52,0.0,Travel_Rarely,1490,Research & Development,4,2,Life Sciences,4,Female,30,3,4,Manager,4,Married,16555,10310,2,No,13,3,4,0,31,2,1,5,2,1,4,21,15.5,0.4,0.8,0.16129032258064516,2.5,0.4,372.5,3311.0,51-65
36,0.0,Travel_Frequently,541,Sales,3,4,Medical,1,Male,48,2,3,Sales Executive,4,Married,9699,7246,4,No,11,3,1,1,16,2,3,13,9,1,12,20,4.0,0.6923076923076923,0.9230769230769231,0.8125,6.5,0.15384615384615385,180.33333333333334,746.0769230769231,36-40
26,0.0,Travel_Rarely,1066,Research & Development,2,2,Medical,4,Male,32,4,2,Manufacturing Director,4,Married,5472,3334,1,No,12,3,2,0,8,2,3,8,7,1,3,18,8.0,0.875,0.375,1.0,4.0,0.25,533.0,684.0,26-30
56,0.0,Travel_Frequently,1240,Research & Development,9,3,Medical,1,Female,63,3,1,Research Scientist,3,Married,2942,12154,2,No,19,3,2,1,18,4,3,5,4,0,3,38,9.0,0.8,0.6,0.2777777777777778,5.0,0.8,137.77777777777777,588.4,51-65
34,0.0,Travel_Frequently,878,Research & Development,10,4,Medical,4,Male,43,3,1,Research Scientist,3,Divorced,3815,5972,1,Yes,17,3,4,1,5,4,4,5,3,2,0,29,5.0,0.6,0.0,1.0,1.6666666666666667,0.8,87.8,763.0,31-35
38,0.0,Travel_Rarely,395,Sales,9,3,Marketing,2,Male,98,2,1,Sales Representative,2,Married,2899,12102,0,No,19,3,4,1,3,3,3,2,2,1,2,35,40.0,1.0,1.0,0.6666666666666666,1.0,1.5,43.888888888888886,1449.5,36-40
36,0.0,Travel_Rarely,1403,Research & Development,6,3,Life Sciences,4,Male,47,3,1,Laboratory Technician,4,Married,3210,20251,0,No,11,3,3,1,16,4,3,15,13,10,11,20,40.0,0.8666666666666667,0.7333333333333333,0.9375,1.3636363636363635,0.26666666666666666,233.83333333333334,214.0,36-40
26,0.0,Travel_Rarely,192,Research & Development,1,2,Medical,1,Male,59,2,1,Laboratory Technician,1,Married,3955,11141,1,No,16,3,1,2,6,2,3,5,3,1,3,20,6.0,0.6,0.6,0.8333333333333334,2.5,0.4,192.0,791.0,26-30
29,1.0,Travel_Rarely,408,Sales,23,1,Life Sciences,4,Female,45,2,3,Sales Executive,1,Married,7336,11162,1,No,13,3,1,1,11,3,1,11,8,3,10,18,11.0,0.7272727272727273,0.9090909090909091,1.0,2.75,0.2727272727272727,17.73913043478261,666.9090909090909,26-30
27,0.0,Travel_Rarely,1157,Research & Development,17,3,Technical Degree,3,Male,51,3,1,Research Scientist,2,Married,3058,13364,0,Yes,16,3,4,1,6,3,2,5,2,1,1,21,40.0,0.4,0.2,0.8333333333333334,2.5,0.6,68.05882352941177,611.6,26-30
31,1.0,Travel_Frequently,667,Sales,1,4,Life Sciences,2,Female,50,1,1,Sales Representative,3,Single,1359,16154,1,No,12,3,2,0,1,3,3,1,0,0,0,30,1.0,0.0,0.0,1.0,1.0,3.0,667.0,1359.0,31-35
43,0.0,Travel_Frequently,775,Sales,15,3,Life Sciences,4,Male,47,2,2,Sales Executive,4,Married,6804,23683,3,No,18,3,3,1,7,5,3,2,2,2,2,36,2.3333333333333335,1.0,1.0,0.2857142857142857,0.6666666666666666,2.5,51.666666666666664,3402.0,41-50
36,0.0,Non-Travel,1434,Sales,8,4,Life Sciences,1,Male,76,2,3,Sales Executive,1,Single,7587,14229,1,No,15,3,2,0,10,1,3,10,7,0,9,26,10.0,0.7,0.9,1.0,10.0,0.1,179.25,758.7,36-40
40,0.0,Travel_Rarely,329,Research & Development,1,4,Life Sciences,2,Male,88,3,1,Laboratory Technician,2,Married,2387,6762,3,No,22,4,3,1,7,3,3,4,2,0,3,33,2.3333333333333335,0.5,0.75,0.5714285714285714,4.0,0.75,329.0,596.75,36-40
22,0.0,Travel_Rarely,594,Research & Development,2,1,Technical Degree,3,Male,100,3,1,Laboratory Technician,4,Married,2523,19299,0,No,14,3,3,1,3,2,3,2,1,2,1,19,40.0,0.5,0.5,0.6666666666666666,0.6666666666666666,1.0,297.0,1261.5,15-25
26,0.0,Travel_Rarely,1384,Research & Development,3,4,Medical,1,Male,82,4,1,Laboratory Technician,4,Married,4420,13421,1,No,22,4,2,1,8,2,3,8,7,0,7,18,8.0,0.875,0.875,1.0,8.0,0.25,461.3333333333333,552.5,26-30
31,0.0,Travel_Rarely,1232,Research & Development,7,4,Medical,3,Female,39,3,3,Manufacturing Director,4,Single,7143,25713,1,Yes,14,3,3,0,11,2,2,11,9,4,10,20,11.0,0.8181818181818182,0.9090909090909091,1.0,2.2,0.18181818181818182,176.0,649.3636363636364,31-35
52,1.0,Travel_Rarely,1030,Sales,5,3,Life Sciences,2,Male,64,3,3,Sales Executive,2,Single,8446,21534,9,Yes,19,3,3,0,10,2,2,8,7,7,7,42,1.1111111111111112,0.875,0.875,0.8,1.0,0.25,206.0,1055.75,51-65
28,0.0,Travel_Rarely,1158,Research & Development,9,3,Medical,4,Male,94,3,1,Research Scientist,4,Married,2070,2613,1,No,23,4,4,1,5,3,2,5,2,0,4,23,5.0,0.4,0.8,1.0,5.0,0.6,128.66666666666666,414.0,26-30
37,0.0,Travel_Rarely,1439,Research & Development,4,1,Life Sciences,3,Male,54,3,1,Research Scientist,3,Married,2996,5182,7,Yes,15,3,4,0,8,2,3,6,4,1,3,29,1.1428571428571428,0.6666666666666666,0.5,0.75,3.0,0.3333333333333333,359.75,499.3333333333333,36-40
42,0.0,Travel_Rarely,188,Research & Development,29,3,Medical,2,Male,56,1,2,Laboratory Technician,4,Single,4272,9558,4,No,19,3,1,0,16,3,3,1,0,0,0,26,4.0,0.0,0.0,0.0625,1.0,3.0,6.482758620689655,4272.0,41-50
44,0.0,Non-Travel,111,Research & Development,17,3,Life Sciences,4,Male,74,1,1,Research Scientist,3,Single,2290,4279,2,No,13,3,4,0,6,3,3,0,0,0,0,38,3.0,,,0.0,0.0,6.0,6.529411764705882,18711.0,41-50
28,0.0,Travel_Rarely,1144,Sales,10,1,Medical,4,Male,74,3,1,Sales Representative,2,Married,1052,23384,1,No,22,4,2,0,1,5,3,1,0,0,0,27,1.0,0.0,0.0,1.0,1.0,5.0,114.4,1052.0,26-30
31,0.0,Travel_Rarely,1332,Research & Development,11,2,Medical,3,Male,80,3,2,Healthcare Representative,1,Married,6833,17089,1,Yes,12,3,4,0,6,2,2,6,5,0,1,25,6.0,0.8333333333333334,0.16666666666666666,1.0,6.0,0.3333333333333333,121.0909090909091,1138.8333333333333,31-35
19,1.0,Travel_Rarely,303,Research & Development,2,3,Life Sciences,2,Male,47,2,1,Laboratory Technician,4,Single,1102,9241,1,No,22,4,3,0,1,3,2,1,0,1,0,18,1.0,0.0,0.0,1.0,0.5,3.0,151.5,1102.0,15-25
37,1.0,Travel_Rarely,1373,Research & Development,2,2,Other,4,Male,92,2,1,Laboratory Technician,3,Single,2090,2396,6,Yes,15,3,2,0,7,3,3,0,0,0,0,30,1.1666666666666667,,,0.0,0.0,6.0,686.5,18711.0,36-40
45,0.0,Travel_Rarely,252,Research & Development,2,3,Life Sciences,2,Female,95,2,1,Research Scientist,3,Single,2274,6153,1,No,14,3,4,0,1,3,3,1,0,0,0,44,1.0,0.0,0.0,1.0,1.0,3.0,126.0,2274.0,41-50
50,0.0,Travel_Rarely,804,Research & Development,9,3,Life Sciences,1,Male,64,3,1,Laboratory Technician,4,Married,2380,20165,4,No,18,3,2,0,8,5,3,1,0,0,0,42,2.0,0.0,0.0,0.125,1.0,5.0,89.33333333333333,2380.0,41-50
51,0.0,Travel_Frequently,1456,Research & Development,1,4,Medical,1,Female,30,2,3,Healthcare Representative,1,Single,7484,25796,3,No,20,4,3,0,23,1,2,13,12,12,8,28,7.666666666666667,0.9230769230769231,0.6153846153846154,0.5652173913043478,1.0,0.07692307692307693,1456.0,575.6923076923077,51-65
42,0.0,Travel_Rarely,603,Research & Development,7,4,Medical,2,Female,78,4,2,Research Scientist,2,Married,2372,5628,6,Yes,16,3,4,0,18,2,3,1,0,0,0,24,3.0,0.0,0.0,0.05555555555555555,1.0,2.0,86.14285714285714,2372.0,41-50
32,0.0,Travel_Rarely,1093,Sales,6,4,Medical,2,Male,87,3,2,Sales Executive,3,Single,5010,24301,1,No,16,3,1,0,12,0,3,11,8,5,7,20,12.0,0.7272727272727273,0.6363636363636364,0.9166666666666666,1.8333333333333333,0.0,182.16666666666666,455.45454545454544,31-35
32,0.0,Travel_Frequently,689,Sales,9,2,Medical,4,Male,35,1,2,Sales Executive,4,Divorced,4668,22812,0,No,17,3,4,3,9,2,4,8,7,0,7,23,40.0,0.875,0.875,0.8888888888888888,8.0,0.25,76.55555555555556,583.5,31-35
32,0.0,Travel_Rarely,827,Research & Development,1,1,Life Sciences,4,Male,71,3,1,Research Scientist,1,Single,2956,15178,1,No,13,3,4,0,1,2,3,1,0,0,0,31,1.0,0.0,0.0,1.0,1.0,2.0,827.0,2956.0,31-35
33,0.0,Travel_Rarely,536,Sales,10,5,Marketing,4,Male,82,4,3,Sales Executive,3,Divorced,8380,21708,0,Yes,14,3,4,2,10,3,3,9,8,0,8,23,40.0,0.8888888888888888,0.8888888888888888,0.9,9.0,0.3333333333333333,53.6,931.1111111111111,31-35
47,0.0,Travel_Rarely,955,Sales,4,2,Life Sciences,4,Female,83,3,2,Sales Executive,4,Single,4163,8571,1,Yes,17,3,3,0,9,0,3,9,0,0,7,38,9.0,0.0,0.7777777777777778,1.0,9.0,0.0,238.75,462.55555555555554,41-50
20,1.0,Travel_Rarely,1097,Research & Development,11,3,Medical,4,Female,98,2,1,Research Scientist,1,Single,2600,18275,1,Yes,15,3,1,0,1,2,3,1,0,0,0,19,1.0,0.0,0.0,1.0,1.0,2.0,99.72727272727273,2600.0,15-25
29,1.0,Travel_Rarely,408,Research & Development,25,5,Technical Degree,3,Female,71,2,1,Research Scientist,2,Married,2546,18300,5,No,16,3,2,0,6,2,4,2,2,1,1,23,1.2,1.0,0.5,0.3333333333333333,1.0,1.0,16.32,1273.0,26-30
35,0.0,Travel_Frequently,1182,Sales,11,2,Marketing,4,Male,54,3,2,Sales Executive,4,Divorced,4968,18500,1,No,11,3,4,1,5,3,3,5,2,0,2,30,5.0,0.4,0.4,1.0,5.0,0.6,107.45454545454545,993.6,31-35
29,0.0,Travel_Rarely,1283,Research & Development,23,3,Life Sciences,4,Male,54,3,1,Research Scientist,4,Single,2201,18168,9,No,16,3,4,0,6,4,3,3,2,1,2,23,0.6666666666666666,0.6666666666666666,0.6666666666666666,0.5,1.5,1.3333333333333333,55.78260869565217,733.6666666666666,26-30
24,1.0,Travel_Rarely,693,Sales,3,2,Life Sciences,1,Female,65,3,2,Sales Executive,3,Single,4577,24785,9,No,14,3,1,0,4,3,3,2,2,2,0,20,0.4444444444444444,1.0,0.0,0.5,0.6666666666666666,1.5,231.0,2288.5,15-25
32,0.0,Travel_Rarely,1401,Sales,4,2,Life Sciences,3,Female,56,3,1,Sales Representative,2,Married,3931,20990,2,No,11,3,1,1,6,5,3,4,3,1,2,26,3.0,0.75,0.5,0.6666666666666666,2.0,1.25,350.25,982.75,31-35
28,0.0,Non-Travel,1476,Research & Development,1,3,Life Sciences,3,Female,55,1,2,Laboratory Technician,4,Married,6674,16392,0,No,11,3,1,3,10,6,3,9,8,7,5,18,40.0,0.8888888888888888,0.5555555555555556,0.9,1.125,0.6666666666666666,1476.0,741.5555555555555,26-30
35,0.0,Travel_Rarely,1315,Research & Development,22,3,Life Sciences,2,Female,71,4,3,Manager,2,Divorced,11996,19100,7,No,18,3,2,1,10,6,2,7,7,6,2,25,1.4285714285714286,1.0,0.2857142857142857,0.7,1.0,0.8571428571428571,59.77272727272727,1713.7142857142858,31-35
34,0.0,Travel_Rarely,167,Research & Development,8,5,Life Sciences,2,Female,32,3,2,Manufacturing Director,1,Divorced,5121,4187,3,No,14,3,3,1,7,3,3,0,0,0,0,27,2.3333333333333335,,,0.0,0.0,6.0,20.875,18711.0,31-35
36,0.0,Travel_Rarely,913,Research & Development,9,2,Medical,2,Male,48,2,2,Manufacturing Director,2,Divorced,8847,13934,2,Yes,11,3,3,1,13,2,3,3,2,0,2,23,6.5,0.6666666666666666,0.6666666666666666,0.23076923076923078,3.0,0.6666666666666666,101.44444444444444,2949.0,36-40
52,0.0,Travel_Rarely,699,Research & Development,1,4,Life Sciences,3,Male,65,2,5,Manager,3,Married,19999,5678,0,No,14,3,1,1,34,5,3,33,18,11,9,18,40.0,0.5454545454545454,0.2727272727272727,0.9705882352941176,2.75,0.15151515151515152,699.0,606.030303030303,51-65
35,0.0,Travel_Frequently,138,Research & Development,2,3,Medical,2,Female,37,3,2,Laboratory Technician,2,Single,4425,15986,5,No,11,3,4,0,10,5,3,6,2,1,2,25,2.0,0.3333333333333333,0.3333333333333333,0.6,3.0,0.8333333333333334,69.0,737.5,31-35
44,0.0,Travel_Rarely,1459,Research & Development,10,4,Other,4,Male,41,3,2,Healthcare Representative,4,Married,6465,19121,2,Yes,13,3,4,0,9,5,4,4,2,1,3,35,4.5,0.5,0.75,0.4444444444444444,2.0,1.25,145.9,1616.25,41-50
22,1.0,Travel_Rarely,617,Research & Development,3,1,Life Sciences,2,Female,34,3,2,Manufacturing Director,3,Married,4171,10022,0,Yes,19,3,1,1,4,3,4,3,2,0,2,18,40.0,0.6666666666666666,0.6666666666666666,0.75,3.0,1.0,205.66666666666666,1390.3333333333333,15-25
40,0.0,Travel_Rarely,804,Research & Development,2,1,Medical,4,Female,86,2,1,Research Scientist,4,Single,2342,22929,0,Yes,20,4,4,0,5,2,2,4,2,2,3,35,40.0,0.5,0.75,0.8,1.3333333333333333,0.5,402.0,585.5,36-40
33,1.0,Travel_Rarely,603,Sales,9,4,Marketing,1,Female,77,3,2,Sales Executive,1,Single,8224,18385,0,Yes,17,3,1,0,6,3,3,5,2,0,3,27,40.0,0.4,0.6,0.8333333333333334,5.0,0.6,67.0,1644.8,31-35
50,0.0,Travel_Frequently,1246,Human Resources,3,3,Medical,1,Male,99,3,5,Manager,2,Married,18200,7999,1,No,11,3,3,1,32,2,3,32,5,10,7,18,32.0,0.15625,0.21875,1.0,2.909090909090909,0.0625,415.3333333333333,568.75,41-50
50,0.0,Travel_Frequently,1421,Research & Development,2,3,Medical,4,Female,30,3,4,Manager,1,Married,17856,9490,2,No,22,4,3,1,32,3,3,2,2,2,2,18,16.0,1.0,1.0,0.0625,0.6666666666666666,1.5,710.5,8928.0,41-50
57,0.0,Travel_Rarely,593,Research & Development,1,4,Medical,4,Male,88,3,2,Healthcare Representative,3,Married,6755,2967,2,No,11,3,3,0,15,2,3,3,2,1,2,42,7.5,0.6666666666666666,0.6666666666666666,0.2,1.5,0.6666666666666666,593.0,2251.6666666666665,51-65
35,1.0,Travel_Frequently,662,Sales,18,4,Marketing,4,Female,67,3,2,Sales Executive,3,Married,4614,23288,0,Yes,18,3,3,1,5,0,2,4,2,3,2,30,40.0,0.5,0.5,0.8,1.0,0.0,36.77777777777778,1153.5,31-35
30,0.0,Travel_Rarely,634,Research & Development,17,4,Medical,2,Female,95,3,3,Manager,1,Married,11916,25927,1,Yes,23,4,4,2,9,2,3,9,1,0,8,21,9.0,0.1111111111111111,0.8888888888888888,1.0,9.0,0.2222222222222222,37.294117647058826,1324.0,26-30
31,0.0,Travel_Rarely,525,Sales,6,4,Medical,1,Male,66,4,2,Sales Executive,4,Divorced,5460,6219,4,No,22,4,4,2,13,4,4,7,7,5,7,18,3.25,1.0,1.0,0.5384615384615384,1.1666666666666667,0.5714285714285714,87.5,780.0,31-35
52,0.0,Non-Travel,771,Sales,2,4,Life Sciences,1,Male,79,2,5,Manager,3,Single,19068,21030,1,Yes,18,3,4,0,33,2,4,33,7,15,12,19,33.0,0.21212121212121213,0.36363636363636365,1.0,2.0625,0.06060606060606061,385.5,577.8181818181819,51-65
33,0.0,Travel_Rarely,1069,Research & Development,1,3,Life Sciences,2,Female,42,2,2,Healthcare Representative,4,Single,6949,12291,0,No,14,3,1,0,6,3,3,5,0,1,4,27,40.0,0.0,0.8,0.8333333333333334,2.5,0.6,1069.0,1389.8,31-35
33,0.0,Non-Travel,750,Sales,22,2,Marketing,3,Male,95,3,2,Sales Executive,2,Married,6146,15480,0,No,13,3,1,1,8,2,4,7,7,0,7,25,40.0,1.0,1.0,0.875,7.0,0.2857142857142857,34.09090909090909,878.0,31-35
34,0.0,Travel_Rarely,285,Research & Development,29,3,Medical,2,Male,86,3,2,Laboratory Technician,3,Married,5429,17491,4,No,13,3,1,2,10,1,3,8,7,7,7,24,2.5,0.875,0.875,0.8,1.0,0.125,9.827586206896552,678.625,31-35
51,0.0,Travel_Rarely,432,Research & Development,9,4,Life Sciences,4,Male,96,3,1,Laboratory Technician,4,Married,2075,18725,3,No,23,4,2,2,10,4,3,4,2,0,3,41,3.3333333333333335,0.5,0.75,0.4,4.0,1.0,48.0,518.75,51-65
50,0.0,Travel_Rarely,797,Research & Development,4,1,Life Sciences,1,Male,96,3,5,Research Director,2,Divorced,19144,15815,3,No,14,3,1,2,28,4,2,10,4,1,6,22,9.333333333333334,0.4,0.6,0.35714285714285715,5.0,0.4,199.25,1914.4,41-50
46,0.0,Travel_Rarely,168,Sales,4,2,Marketing,4,Female,33,2,5,Manager,2,Married,18789,9946,2,No,14,3,3,1,26,2,3,11,4,0,8,20,13.0,0.36363636363636365,0.7272727272727273,0.4230769230769231,11.0,0.18181818181818182,42.0,1708.090909090909,41-50
22,0.0,Travel_Rarely,217,Research & Development,8,1,Life Sciences,2,Male,94,1,1,Laboratory Technician,1,Married,2451,6881,1,No,15,3,1,1,4,3,2,4,3,1,1,18,4.0,0.75,0.25,1.0,2.0,0.75,27.125,612.75,15-25
29,0.0,Travel_Frequently,1413,Sales,1,1,Medical,2,Female,42,3,3,Sales Executive,4,Married,7918,6599,1,No,14,3,4,1,11,5,3,11,10,4,1,18,11.0,0.9090909090909091,0.09090909090909091,1.0,2.2,0.45454545454545453,1413.0,719.8181818181819,26-30
22,0.0,Travel_Rarely,1136,Research & Development,5,3,Life Sciences,4,Male,60,4,1,Research Scientist,2,Divorced,2328,12392,1,Yes,16,3,1,1,4,2,2,4,2,2,2,18,4.0,0.5,0.5,1.0,1.3333333333333333,0.5,227.2,582.0,15-25
46,0.0,Travel_Rarely,1402,Sales,2,3,Marketing,3,Female,69,3,4,Manager,1,Married,17048,24097,8,No,23,4,1,0,28,2,3,26,15,15,9,18,3.5,0.5769230769230769,0.34615384615384615,0.9285714285714286,1.625,0.07692307692307693,701.0,655.6923076923077,41-50
29,0.0,Travel_Rarely,332,Human Resources,17,3,Other,2,Male,51,2,3,Human Resources,1,Single,7988,9769,1,No,13,3,1,0,10,3,2,10,9,0,9,19,10.0,0.9,0.9,1.0,10.0,0.3,19.529411764705884,798.8,26-30
38,0.0,Travel_Frequently,653,Research & Development,29,5,Life Sciences,4,Female,50,3,2,Laboratory Technician,4,Single,2406,5456,1,No,11,3,4,0,10,2,3,10,3,9,9,28,10.0,0.3,0.9,1.0,1.0,0.2,22.517241379310345,240.6,36-40
41,0.0,Travel_Rarely,465,Research & Development,14,3,Life Sciences,1,Male,56,3,1,Research Scientist,3,Divorced,2451,4609,4,No,12,3,1,1,13,2,3,9,8,1,8,28,3.25,0.8888888888888888,0.8888888888888888,0.6923076923076923,4.5,0.2222222222222222,33.214285714285715,272.3333333333333,41-50
40,0.0,Non-Travel,663,Research & Development,9,4,Other,3,Male,81,3,2,Laboratory Technician,3,Divorced,3975,23099,3,No,11,3,3,2,11,2,4,8,7,0,7,29,3.6666666666666665,0.875,0.875,0.7272727272727273,8.0,0.25,73.66666666666667,496.875,36-40
31,0.0,Non-Travel,587,Sales,2,4,Life Sciences,4,Female,57,3,3,Sales Executive,3,Divorced,9852,8935,1,Yes,19,3,1,1,10,5,2,10,8,9,6,21,10.0,0.8,0.6,1.0,1.0,0.5,293.5,985.2,31-35
50,0.0,Travel_Frequently,809,Sales,12,3,Marketing,3,Female,77,3,3,Sales Executive,4,Single,9208,6645,4,No,11,3,4,0,16,3,3,2,2,2,1,34,4.0,1.0,0.5,0.125,0.6666666666666666,1.5,67.41666666666667,4604.0,41-50
51,0.0,Travel_Rarely,770,Human Resources,5,3,Life Sciences,3,Male,84,3,4,Manager,2,Divorced,14026,17588,1,Yes,11,3,2,1,33,2,3,33,9,0,10,18,33.0,0.2727272727272727,0.30303030303030304,1.0,33.0,0.06060606060606061,154.0,425.030303030303,51-65
31,0.0,Travel_Frequently,798,Research & Development,7,2,Life Sciences,3,Female,48,2,3,Manufacturing Director,3,Married,8943,14034,1,No,24,4,1,1,10,2,3,10,9,8,9,21,10.0,0.9,0.9,1.0,1.1111111111111112,0.2,114.0,894.3,31-35
45,0.0,Travel_Rarely,194,Research & Development,9,3,Life Sciences,2,Male,60,3,2,Laboratory Technician,2,Divorced,2348,10901,8,No,18,3,3,1,20,2,1,17,9,0,15,25,2.5,0.5294117647058824,0.8823529411764706,0.85,17.0,0.11764705882352941,21.555555555555557,138.11764705882354,41-50
52,0.0,Non-Travel,715,Research & Development,19,4,Medical,4,Male,41,3,1,Research Scientist,4,Married,4258,26589,0,No,18,3,1,1,5,3,3,4,3,1,2,47,40.0,0.75,0.5,0.8,2.0,0.75,37.63157894736842,1064.5,51-65
58,1.0,Travel_Rarely,147,Research & Development,23,4,Medical,4,Female,94,3,3,Healthcare Representative,4,Married,10312,3465,1,No,12,3,4,1,40,3,2,40,10,15,6,18,40.0,0.25,0.15,1.0,2.5,0.075,6.391304347826087,257.8,51-65
30,1.0,Travel_Rarely,1005,Research & Development,3,3,Technical Degree,4,Female,88,3,1,Research Scientist,1,Single,2657,8556,5,Yes,11,3,3,0,8,5,3,5,2,0,4,22,1.6,0.4,0.8,0.625,5.0,1.0,335.0,531.4,26-30
29,0.0,Travel_Rarely,1210,Sales,2,3,Medical,1,Male,78,2,2,Sales Executive,2,Married,6644,3687,2,No,19,3,2,2,10,2,3,0,0,0,0,19,5.0,,,0.0,0.0,6.0,605.0,18711.0,26-30
44,0.0,Travel_Rarely,477,Research & Development,7,4,Medical,1,Female,42,2,3,Healthcare Representative,4,Married,10248,2094,3,No,14,3,4,1,24,4,3,22,6,5,17,20,8.0,0.2727272727272727,0.7727272727272727,0.9166666666666666,3.6666666666666665,0.18181818181818182,68.14285714285714,465.8181818181818,41-50
36,0.0,Travel_Frequently,1195,Research & Development,11,3,Life Sciences,2,Male,95,2,2,Manufacturing Director,2,Single,6499,22656,1,No,13,3,3,0,6,3,3,6,5,0,3,30,6.0,0.8333333333333334,0.5,1.0,6.0,0.5,108.63636363636364,1083.1666666666667,36-40
31,0.0,Travel_Rarely,408,Research & Development,9,4,Life Sciences,3,Male,42,2,1,Research Scientist,2,Single,2657,7551,0,Yes,16,3,4,0,3,5,3,2,2,2,2,28,40.0,1.0,1.0,0.6666666666666666,0.6666666666666666,2.5,45.333333333333336,1328.5,31-35
21,0.0,Travel_Rarely,984,Research & Development,1,1,Technical Degree,4,Female,70,2,1,Research Scientist,2,Single,2070,25326,1,Yes,11,3,3,0,2,6,4,2,2,2,2,19,2.0,1.0,1.0,1.0,0.6666666666666666,3.0,984.0,1035.0,15-25
36,0.0,Travel_Frequently,1467,Sales,11,2,Technical Degree,2,Female,92,3,3,Sales Executive,4,Married,9738,22952,0,No,14,3,3,1,10,6,3,9,7,2,8,26,40.0,0.7777777777777778,0.8888888888888888,0.9,3.0,0.6666666666666666,133.36363636363637,1082.0,36-40
25,0.0,Travel_Rarely,685,Research & Development,1,3,Life Sciences,1,Female,62,3,2,Manufacturing Director,3,Married,4898,7505,0,No,12,3,4,2,5,3,3,4,2,1,2,20,40.0,0.5,0.5,0.8,2.0,0.75,685.0,1224.5,15-25
46,0.0,Non-Travel,1144,Research & Development,7,4,Medical,3,Female,30,3,2,Manufacturing Director,3,Married,5258,16044,2,No,14,3,3,0,7,2,4,1,0,0,0,39,3.5,0.0,0.0,0.14285714285714285,1.0,2.0,163.42857142857142,5258.0,41-50
29,0.0,Travel_Rarely,738,Research & Development,9,5,Other,2,Male,30,2,1,Laboratory Technician,4,Single,3983,7621,0,No,17,3,3,0,4,2,3,3,2,2,2,25,40.0,0.6666666666666666,0.6666666666666666,0.75,1.0,0.6666666666666666,82.0,1327.6666666666667,26-30
44,1.0,Travel_Frequently,920,Research & Development,24,3,Life Sciences,4,Male,43,3,1,Laboratory Technician,3,Divorced,3161,19920,3,Yes,22,4,4,1,19,0,1,1,0,0,0,25,6.333333333333333,0.0,0.0,0.05263157894736842,1.0,0.0,38.333333333333336,3161.0,41-50
26,0.0,Travel_Rarely,933,Sales,1,3,Life Sciences,3,Male,57,3,2,Sales Executive,3,Married,5296,20156,1,No,17,3,2,1,8,3,3,8,7,7,7,18,8.0,0.875,0.875,1.0,1.0,0.375,933.0,662.0,26-30
55,0.0,Non-Travel,444,Research & Development,2,1,Medical,3,Male,40,2,4,Manager,1,Single,16756,17323,7,No,15,3,2,0,31,3,4,9,7,6,2,24,4.428571428571429,0.7777777777777778,0.2222222222222222,0.2903225806451613,1.2857142857142858,0.3333333333333333,222.0,1861.7777777777778,51-65
35,0.0,Travel_Rarely,464,Research & Development,4,2,Other,3,Male,75,3,1,Laboratory Technician,4,Divorced,1951,10910,1,No,12,3,3,1,1,3,3,1,0,0,0,34,1.0,0.0,0.0,1.0,1.0,3.0,116.0,1951.0,31-35
29,1.0,Travel_Frequently,337,Research & Development,14,1,Other,3,Female,84,3,3,Healthcare Representative,4,Single,7553,22930,0,Yes,12,3,1,0,9,1,3,8,7,7,7,20,40.0,0.875,0.875,0.8888888888888888,1.0,0.125,24.071428571428573,944.125,26-30
32,0.0,Travel_Rarely,498,Research & Development,3,4,Medical,3,Female,93,3,2,Manufacturing Director,1,Married,6725,13554,1,No,12,3,3,1,8,2,4,8,7,6,3,24,8.0,0.875,0.375,1.0,1.1428571428571428,0.25,166.0,840.625,31-35
41,1.0,Travel_Rarely,1356,Sales,20,2,Marketing,2,Female,70,3,1,Sales Representative,2,Single,3140,21728,1,Yes,22,4,4,0,4,5,2,4,3,0,2,37,4.0,0.75,0.5,1.0,4.0,1.25,67.8,785.0,41-50
28,1.0,Travel_Rarely,890,Research & Development,2,4,Medical,3,Male,46,3,1,Research Scientist,3,Single,4382,16374,6,No,17,3,4,0,5,3,2,2,2,2,1,23,0.8333333333333334,1.0,0.5,0.4,0.6666666666666666,1.5,445.0,2191.0,26-30
35,0.0,Travel_Frequently,482,Research & Development,4,4,Life Sciences,3,Male,87,3,2,Research Scientist,3,Single,4249,2690,1,Yes,11,3,2,0,9,3,3,9,6,1,1,26,9.0,0.6666666666666666,0.1111111111111111,1.0,4.5,0.3333333333333333,120.5,472.1111111111111,31-35
28,0.0,Travel_Frequently,791,Research & Development,1,4,Medical,4,Male,44,3,1,Laboratory Technician,3,Single,2154,6842,0,Yes,11,3,3,0,5,2,2,4,2,0,2,23,40.0,0.5,0.5,0.8,4.0,0.5,791.0,538.5,26-30
45,0.0,Travel_Frequently,1199,Research & Development,7,4,Life Sciences,1,Male,77,4,2,Manufacturing Director,3,Married,6434,5118,4,No,17,3,4,1,9,1,3,3,2,0,2,36,2.25,0.6666666666666666,0.6666666666666666,0.3333333333333333,3.0,0.3333333333333333,171.28571428571428,2144.6666666666665,41-50
42,0.0,Travel_Rarely,933,Research & Development,29,3,Life Sciences,2,Male,98,3,2,Manufacturing Director,2,Married,4434,11806,1,No,13,3,4,1,10,3,2,9,8,7,8,32,10.0,0.8888888888888888,0.8888888888888888,0.9,1.125,0.3333333333333333,32.172413793103445,492.6666666666667,41-50
29,0.0,Non-Travel,746,Sales,2,3,Life Sciences,4,Male,61,3,2,Sales Executive,3,Married,4649,16928,1,No,14,3,1,1,4,3,2,4,3,0,2,25,4.0,0.75,0.5,1.0,4.0,0.75,373.0,1162.25,26-30
26,0.0,Travel_Rarely,583,Research & Development,4,2,Life Sciences,3,Male,53,3,1,Research Scientist,4,Single,2875,9973,1,Yes,20,4,2,0,8,2,2,8,5,2,2,18,8.0,0.625,0.25,1.0,2.6666666666666665,0.25,145.75,359.375,26-30
59,0.0,Travel_Rarely,1435,Sales,25,3,Life Sciences,1,Female,99,3,3,Sales Executive,1,Single,7637,2354,7,No,11,3,4,0,28,3,2,21,16,7,9,31,4.0,0.7619047619047619,0.42857142857142855,0.75,2.625,0.14285714285714285,57.4,363.6666666666667,51-65
31,0.0,Travel_Rarely,670,Research & Development,26,1,Life Sciences,1,Male,31,3,1,Research Scientist,3,Divorced,2911,15170,1,No,17,3,4,1,5,1,2,5,2,4,3,26,5.0,0.4,0.6,1.0,1.0,0.2,25.76923076923077,582.2,31-35
52,0.0,Travel_Rarely,319,Research & Development,3,3,Medical,4,Male,39,2,3,Manufacturing Director,3,Married,7969,19609,2,Yes,14,3,3,0,28,4,3,5,4,0,4,24,14.0,0.8,0.8,0.17857142857142858,5.0,0.8,106.33333333333333,1593.8,51-65
38,0.0,Travel_Rarely,330,Research & Development,17,1,Life Sciences,3,Female,65,2,3,Healthcare Representative,3,Married,8823,24608,0,No,18,3,1,1,20,4,2,19,9,1,9,18,40.0,0.47368421052631576,0.47368421052631576,0.95,9.5,0.21052631578947367,19.41176470588235,464.36842105263156,36-40
30,0.0,Travel_Rarely,1427,Research & Development,2,1,Medical,2,Male,35,2,1,Laboratory Technician,4,Single,2720,11162,0,No,13,3,4,0,6,3,3,5,3,1,2,24,40.0,0.6,0.4,0.8333333333333334,2.5,0.6,713.5,544.0,26-30
39,1.0,Travel_Frequently,203,Research & Development,2,3,Life Sciences,1,Male,84,3,4,Healthcare Representative,4,Divorced,12169,13547,7,No,11,3,4,3,21,4,3,18,7,11,5,18,3.0,0.3888888888888889,0.2777777777777778,0.8571428571428571,1.5,0.2222222222222222,101.5,676.0555555555555,36-40
34,0.0,Non-Travel,697,Research & Development,3,4,Life Sciences,3,Male,40,2,1,Research Scientist,4,Married,2979,22478,3,No,17,3,4,3,6,2,3,0,0,0,0,28,2.0,,,0.0,0.0,6.0,232.33333333333334,18711.0,31-35
41,0.0,Travel_Rarely,1411,Research & Development,19,2,Life Sciences,3,Male,36,3,2,Research Scientist,1,Divorced,3072,19877,2,No,16,3,1,2,17,2,2,1,0,0,0,24,8.5,0.0,0.0,0.058823529411764705,1.0,2.0,74.26315789473684,3072.0,41-50
26,1.0,Travel_Rarely,471,Research & Development,24,3,Technical Degree,3,Male,66,1,1,Laboratory Technician,4,Single,2340,23213,1,Yes,18,3,2,0,1,3,1,1,0,0,0,25,1.0,0.0,0.0,1.0,1.0,3.0,19.625,2340.0,26-30
42,0.0,Travel_Frequently,1271,Research & Development,2,1,Medical,2,Male,35,3,1,Research Scientist,4,Single,2515,9068,5,Yes,14,3,4,0,8,2,3,2,1,2,2,34,1.6,0.5,1.0,0.25,0.6666666666666666,1.0,635.5,1257.5,41-50
41,0.0,Travel_Rarely,314,Human Resources,1,3,Human Resources,4,Male,59,2,5,Manager,3,Married,19189,19562,1,No,12,3,2,1,22,3,3,22,7,2,10,19,22.0,0.3181818181818182,0.45454545454545453,1.0,7.333333333333333,0.13636363636363635,314.0,872.2272727272727,41-50
30,0.0,Travel_Rarely,1358,Sales,16,1,Life Sciences,4,Male,96,3,2,Sales Executive,3,Married,5301,2939,8,No,15,3,3,2,4,2,2,2,1,2,2,26,0.5,0.5,1.0,0.5,0.6666666666666666,1.0,84.875,2650.5,26-30
30,0.0,Non-Travel,111,Research & Development,9,3,Medical,3,Male,66,3,2,Laboratory Technician,1,Divorced,3072,11012,1,No,11,3,3,2,12,4,3,12,9,6,10,18,12.0,0.75,0.8333333333333334,1.0,1.7142857142857142,0.3333333333333333,12.333333333333334,256.0,26-30
19,1.0,Travel_Rarely,419,Sales,21,3,Other,4,Male,37,2,1,Sales Representative,2,Single,2121,9947,1,Yes,13,3,2,0,1,3,4,1,0,0,0,18,1.0,0.0,0.0,1.0,1.0,3.0,19.952380952380953,2121.0,15-25
27,0.0,Travel_Rarely,618,Research & Development,4,3,Life Sciences,2,Female,76,3,1,Research Scientist,3,Single,2318,17808,1,No,19,3,3,0,1,2,3,1,1,0,0,26,1.0,1.0,0.0,1.0,1.0,2.0,154.5,2318.0,26-30
38,0.0,Travel_Rarely,119,Sales,3,3,Life Sciences,1,Male,76,3,3,Sales Executive,3,Divorced,10609,9647,0,No,12,3,3,2,17,6,2,16,10,5,13,21,40.0,0.625,0.8125,0.9411764705882353,2.6666666666666665,0.375,39.666666666666664,663.0625,36-40
36,0.0,Non-Travel,1229,Sales,8,4,Technical Degree,1,Male,84,3,2,Sales Executive,4,Divorced,5079,25952,4,No,13,3,4,2,12,3,3,7,7,0,7,24,3.0,1.0,1.0,0.5833333333333334,7.0,0.42857142857142855,153.625,725.5714285714286,36-40
32,1.0,Travel_Rarely,1033,Research & Development,9,3,Medical,1,Female,41,3,1,Laboratory Technician,1,Single,4200,10224,7,No,22,4,1,0,10,2,4,5,4,0,4,22,1.4285714285714286,0.8,0.8,0.5,5.0,0.4,114.77777777777777,840.0,31-35
39,0.0,Travel_Rarely,1329,Sales,4,4,Life Sciences,4,Female,47,2,2,Sales Executive,3,Married,5902,14590,4,No,14,3,3,1,17,1,4,15,11,5,9,22,4.25,0.7333333333333333,0.6,0.8823529411764706,2.5,0.06666666666666667,332.25,393.46666666666664,36-40
33,1.0,Travel_Frequently,1076,Research & Development,3,3,Life Sciences,1,Male,70,3,1,Research Scientist,1,Single,3348,3164,1,Yes,11,3,1,0,10,3,3,10,8,9,7,23,10.0,0.8,0.7,1.0,1.0,0.3,358.6666666666667,334.8,31-35
46,0.0,Travel_Rarely,1485,Research & Development,18,3,Medical,3,Female,87,3,2,Manufacturing Director,3,Divorced,4810,26314,2,No,14,3,3,1,19,5,2,10,7,0,8,27,9.5,0.7,0.8,0.5263157894736842,10.0,0.5,82.5,481.0,41-50
46,0.0,Travel_Rarely,1125,Sales,10,3,Marketing,3,Female,94,2,3,Sales Executive,4,Married,9071,11563,2,Yes,19,3,3,1,15,3,3,3,2,1,2,31,7.5,0.6666666666666666,0.6666666666666666,0.2,1.5,1.0,112.5,3023.6666666666665,41-50
41,0.0,Travel_Rarely,263,Research & Development,6,3,Medical,4,Male,59,3,1,Laboratory Technician,1,Single,4721,3119,2,Yes,13,3,3,0,20,3,3,18,13,2,17,21,10.0,0.7222222222222222,0.9444444444444444,0.9,6.0,0.16666666666666666,43.833333333333336,262.27777777777777,41-50
39,0.0,Travel_Rarely,141,Human Resources,3,3,Human Resources,3,Female,44,4,2,Human Resources,2,Married,6389,18767,9,No,15,3,3,1,12,3,1,8,3,3,6,27,1.3333333333333333,0.375,0.75,0.6666666666666666,2.0,0.375,47.0,798.625,36-40
34,1.0,Non-Travel,1362,Sales,19,3,Marketing,1,Male,67,4,2,Sales Executive,4,Single,5304,4652,8,Yes,13,3,2,0,9,3,2,5,2,0,4,25,1.125,0.4,0.8,0.5555555555555556,5.0,0.6,71.6842105263158,1060.8,31-35
34,0.0,Travel_Rarely,419,Research & Development,7,4,Life Sciences,1,Female,53,3,3,Research Director,2,Single,11994,21293,0,No,11,3,3,0,13,4,3,12,6,2,11,21,40.0,0.5,0.9166666666666666,0.9230769230769231,4.0,0.3333333333333333,59.857142857142854,999.5,31-35
29,0.0,Travel_Rarely,144,Sales,10,1,Marketing,4,Female,39,2,2,Sales Executive,2,Divorced,8268,11866,1,Yes,14,3,1,2,7,2,3,7,7,1,7,22,7.0,1.0,1.0,1.0,3.5,0.2857142857142857,14.4,1181.142857142857,26-30
37,0.0,Travel_Rarely,290,Research & Development,21,3,Life Sciences,2,Male,65,4,1,Research Scientist,1,Married,3564,22977,1,Yes,12,3,1,1,8,3,2,8,7,1,7,29,8.0,0.875,0.875,1.0,4.0,0.375,13.80952380952381,445.5,36-40
35,0.0,Travel_Rarely,1229,Research & Development,8,1,Life Sciences,4,Male,36,4,1,Laboratory Technician,4,Married,2269,4892,1,No,19,3,4,0,1,2,3,1,0,0,1,34,1.0,0.0,1.0,1.0,1.0,2.0,153.625,2269.0,31-35
46,0.0,Travel_Rarely,644,Research & Development,1,4,Medical,4,Male,97,3,3,Healthcare Representative,1,Divorced,9396,12368,7,No,16,3,3,1,17,3,3,4,2,0,3,29,2.4285714285714284,0.5,0.75,0.23529411764705882,4.0,0.75,644.0,2349.0,41-50
47,1.0,Travel_Frequently,719,Sales,27,2,Life Sciences,2,Female,77,4,2,Sales Executive,3,Single,6397,10339,4,Yes,12,3,4,0,8,2,3,5,4,1,3,39,2.0,0.8,0.6,0.625,2.5,0.4,26.62962962962963,1279.4,41-50
30,0.0,Travel_Frequently,1012,Research & Development,5,4,Life Sciences,2,Male,75,2,1,Research Scientist,4,Divorced,3761,2373,9,No,12,3,2,1,10,3,2,5,4,0,3,20,1.1111111111111112,0.8,0.6,0.5,5.0,0.6,202.4,752.2,26-30
29,0.0,Travel_Rarely,1107,Research & Development,28,4,Life Sciences,3,Female,93,3,1,Research Scientist,4,Divorced,2514,26968,4,No,22,4,1,1,11,1,3,7,5,1,7,18,2.75,0.7142857142857143,1.0,0.6363636363636364,3.5,0.14285714285714285,39.535714285714285,359.14285714285717,26-30
50,0.0,Travel_Rarely,1207,Research & Development,28,1,Medical,4,Male,74,4,1,Laboratory Technician,3,Married,3221,3297,1,Yes,11,3,3,3,20,3,3,20,8,3,8,30,20.0,0.4,0.4,1.0,5.0,0.15,43.107142857142854,161.05,41-50
34,0.0,Travel_Rarely,1400,Sales,9,1,Life Sciences,2,Female,70,3,2,Sales Executive,3,Married,5714,5829,1,No,20,4,1,0,6,3,2,6,5,1,3,28,6.0,0.8333333333333334,0.5,1.0,3.0,0.5,155.55555555555554,952.3333333333334,31-35
31,1.0,Travel_Rarely,330,Research & Development,22,4,Medical,4,Male,98,3,2,Manufacturing Director,3,Married,6179,21057,1,Yes,15,3,4,2,10,3,2,10,2,6,7,21,10.0,0.2,0.7,1.0,1.4285714285714286,0.3,15.0,617.9,31-35
48,0.0,Travel_Rarely,277,Research & Development,6,3,Life Sciences,1,Male,97,2,2,Healthcare Representative,3,Single,4240,13119,2,No,13,3,4,0,19,0,3,2,2,2,2,29,9.5,1.0,1.0,0.10526315789473684,0.6666666666666666,0.0,46.166666666666664,2120.0,41-50
43,0.0,Travel_Rarely,1473,Research & Development,8,4,Other,3,Female,74,3,2,Healthcare Representative,3,Divorced,4522,2227,4,Yes,14,3,4,0,8,3,3,5,2,0,2,35,2.0,0.4,0.4,0.625,5.0,0.6,184.125,904.4,41-50
34,0.0,Travel_Rarely,258,Sales,21,4,Life Sciences,4,Male,74,4,2,Sales Executive,4,Single,5337,19921,1,No,12,3,4,0,10,3,3,10,7,5,7,24,10.0,0.7,0.7,1.0,1.6666666666666667,0.3,12.285714285714286,533.7,31-35
60,0.0,Travel_Rarely,696,Sales,7,4,Marketing,2,Male,52,4,2,Sales Executive,4,Divorced,5220,10893,0,Yes,18,3,2,1,12,3,3,11,7,1,9,48,40.0,0.6363636363636364,0.8181818181818182,0.9166666666666666,5.5,0.2727272727272727,99.42857142857143,474.54545454545456,51-65
52,0.0,Travel_Rarely,258,Research & Development,8,4,Other,3,Female,54,3,1,Laboratory Technician,1,Married,2950,17363,9,No,13,3,3,0,12,2,1,5,4,0,4,40,1.3333333333333333,0.8,0.8,0.4166666666666667,5.0,0.4,32.25,590.0,51-65
25,0.0,Travel_Rarely,1280,Research & Development,7,1,Medical,4,Male,64,2,1,Research Scientist,4,Married,2889,26897,1,No,11,3,3,2,2,2,3,2,2,2,1,23,2.0,1.0,0.5,1.0,0.6666666666666666,1.0,182.85714285714286,1444.5,15-25
46,0.0,Travel_Rarely,705,Sales,2,4,Marketing,2,Female,83,3,5,Manager,1,Single,18947,22822,3,No,12,3,4,0,22,2,2,2,2,2,1,24,7.333333333333333,1.0,0.5,0.09090909090909091,0.6666666666666666,1.0,352.5,9473.5,41-50
29,0.0,Travel_Rarely,1010,Research & Development,1,3,Life Sciences,1,Female,97,3,1,Research Scientist,4,Divorced,3760,5598,1,No,15,3,1,3,3,5,3,3,2,1,2,26,3.0,0.6666666666666666,0.6666666666666666,1.0,1.5,1.6666666666666667,1010.0,1253.3333333333333,26-30
41,1.0,Travel_Frequently,143,Sales,4,3,Marketing,1,Male,56,3,2,Sales Executive,2,Single,9355,9558,1,No,18,3,3,0,8,5,3,8,7,7,7,33,8.0,0.875,0.875,1.0,1.0,0.625,35.75,1169.375,41-50
45,0.0,Travel_Rarely,192,Research & Development,10,2,Life Sciences,1,Male,69,3,1,Research Scientist,4,Married,2654,9655,3,No,21,4,4,2,8,3,2,2,2,0,2,37,2.6666666666666665,1.0,1.0,0.25,2.0,1.5,19.2,1327.0,41-50
30,0.0,Travel_Rarely,855,Sales,7,4,Marketing,4,Female,73,3,2,Sales Executive,1,Divorced,4779,12761,7,No,14,3,2,2,8,3,3,3,2,0,2,22,1.1428571428571428,0.6666666666666666,0.6666666666666666,0.375,3.0,1.0,122.14285714285714,1593.0,26-30
33,0.0,Travel_Frequently,1146,Sales,25,3,Medical,2,Female,82,3,2,Sales Executive,3,Married,4539,4905,1,No,12,3,1,1,10,3,2,10,7,0,1,23,10.0,0.7,0.1,1.0,10.0,0.3,45.84,453.9,31-35
33,0.0,Travel_Rarely,147,Human Resources,2,3,Human Resources,2,Male,99,3,1,Human Resources,3,Married,3600,8429,1,No,13,3,4,1,5,2,3,5,4,1,4,28,5.0,0.8,0.8,1.0,2.5,0.4,73.5,720.0,31-35
42,0.0,Travel_Frequently,748,Research & Development,9,2,Medical,1,Female,74,3,1,Laboratory Technician,4,Single,3673,16458,1,No,13,3,3,0,12,3,3,12,9,5,8,30,12.0,0.75,0.6666666666666666,1.0,2.0,0.25,83.11111111111111,306.0833333333333,41-50
43,0.0,Travel_Rarely,531,Sales,4,4,Marketing,4,Female,56,2,3,Sales Executive,4,Single,10231,20364,3,No,14,3,4,0,23,3,4,21,7,15,17,20,7.666666666666667,0.3333333333333333,0.8095238095238095,0.9130434782608695,1.3125,0.14285714285714285,132.75,487.1904761904762,41-50
39,0.0,Travel_Rarely,466,Research & Development,1,1,Life Sciences,4,Female,65,2,4,Manufacturing Director,4,Married,12742,7060,1,No,16,3,3,1,21,3,3,21,6,11,8,18,21.0,0.2857142857142857,0.38095238095238093,1.0,1.75,0.14285714285714285,466.0,606.7619047619048,36-40
39,0.0,Travel_Rarely,1431,Research & Development,1,4,Medical,3,Female,96,3,1,Laboratory Technician,3,Divorced,2232,15417,7,No,14,3,3,3,7,1,3,3,2,1,2,32,1.0,0.6666666666666666,0.6666666666666666,0.42857142857142855,1.5,0.3333333333333333,1431.0,744.0,36-40
35,0.0,Non-Travel,1212,Sales,8,2,Marketing,3,Female,78,2,3,Sales Executive,4,Married,10377,13755,4,Yes,11,3,2,1,16,6,2,13,2,4,12,19,4.0,0.15384615384615385,0.9230769230769231,0.8125,2.6,0.46153846153846156,151.5,798.2307692307693,31-35
26,1.0,Travel_Rarely,1449,Research & Development,16,4,Medical,1,Male,45,3,1,Laboratory Technician,2,Divorced,2373,14180,2,Yes,13,3,4,1,5,2,3,3,2,0,2,21,2.5,0.6666666666666666,0.6666666666666666,0.6,3.0,0.6666666666666666,90.5625,791.0,26-30
51,0.0,Travel_Rarely,1178,Sales,14,2,Life Sciences,3,Female,87,3,2,Sales Executive,4,Married,4936,14862,4,No,11,3,3,1,18,2,2,7,7,0,7,33,4.5,1.0,1.0,0.3888888888888889,7.0,0.2857142857142857,84.14285714285714,705.1428571428571,51-65
40,0.0,Travel_Rarely,1202,Research & Development,2,1,Medical,2,Female,89,4,2,Healthcare Representative,3,Divorced,6377,13888,5,No,20,4,2,3,15,0,3,12,11,11,8,25,3.0,0.9166666666666666,0.6666666666666666,0.8,1.0,0.0,601.0,531.4166666666666,36-40
32,0.0,Travel_Rarely,604,Sales,8,3,Medical,3,Male,56,4,2,Sales Executive,4,Married,6209,11693,1,No,15,3,3,2,10,4,4,10,7,0,8,22,10.0,0.7,0.8,1.0,10.0,0.4,75.5,620.9,31-35
28,0.0,Travel_Rarely,995,Research & Development,9,3,Medical,3,Female,77,3,1,Research Scientist,3,Divorced,2377,9834,5,No,18,3,2,1,6,2,3,2,2,2,2,22,1.2,1.0,1.0,0.3333333333333333,0.6666666666666666,1.0,110.55555555555556,1188.5,26-30
40,0.0,Travel_Rarely,1398,Sales,2,4,Life Sciences,3,Female,79,3,5,Manager,3,Married,18041,13022,0,No,14,3,4,0,21,2,3,20,15,1,12,19,40.0,0.75,0.6,0.9523809523809523,10.0,0.1,699.0,902.05,36-40
45,0.0,Travel_Frequently,1249,Research & Development,7,3,Life Sciences,1,Male,97,3,3,Laboratory Technician,1,Divorced,5210,20308,1,No,18,3,1,1,24,2,3,24,9,9,11,21,24.0,0.375,0.4583333333333333,1.0,2.4,0.08333333333333333,178.42857142857142,217.08333333333334,41-50
44,0.0,Travel_Rarely,1315,Research & Development,3,4,Other,4,Male,35,3,5,Manager,4,Married,19513,9358,4,Yes,12,3,1,1,26,2,4,2,2,0,1,18,6.5,1.0,0.5,0.07692307692307693,2.0,1.0,438.3333333333333,9756.5,41-50
50,0.0,Travel_Rarely,1322,Research & Development,28,3,Life Sciences,4,Female,43,3,4,Research Director,1,Married,16880,22422,4,Yes,11,3,2,0,25,2,3,3,2,1,2,25,6.25,0.6666666666666666,0.6666666666666666,0.12,1.5,0.6666666666666666,47.214285714285715,5626.666666666667,41-50
45,0.0,Non-Travel,248,Research & Development,23,2,Life Sciences,4,Male,42,3,2,Laboratory Technician,1,Married,3633,14039,1,Yes,15,3,3,1,9,2,3,9,8,0,8,36,9.0,0.8888888888888888,0.8888888888888888,1.0,9.0,0.2222222222222222,10.782608695652174,403.6666666666667,41-50
35,0.0,Travel_Frequently,853,Sales,18,5,Life Sciences,2,Male,71,3,3,Sales Executive,1,Married,9069,11031,1,No,22,4,4,1,9,3,2,9,8,1,8,26,9.0,0.8888888888888888,0.8888888888888888,1.0,4.5,0.3333333333333333,47.388888888888886,1007.6666666666666,31-35
48,0.0,Travel_Rarely,855,Research & Development,4,3,Life Sciences,4,Male,54,3,3,Manufacturing Director,4,Single,7898,18706,1,No,11,3,3,0,11,2,3,10,9,0,8,37,11.0,0.9,0.8,0.9090909090909091,10.0,0.2,213.75,789.8,41-50
40,0.0,Travel_Rarely,1300,Research & Development,24,2,Technical Degree,1,Male,62,3,2,Research Scientist,4,Divorced,3319,24447,1,No,17,3,1,2,9,3,3,9,8,4,7,31,9.0,0.8888888888888888,0.7777777777777778,1.0,1.8,0.3333333333333333,54.166666666666664,368.77777777777777,36-40
42,0.0,Travel_Rarely,544,Human Resources,2,1,Technical Degree,3,Male,52,3,1,Human Resources,3,Divorced,2696,24017,0,Yes,11,3,3,1,4,5,3,3,2,1,0,38,40.0,0.6666666666666666,0.0,0.75,1.5,1.6666666666666667,272.0,898.6666666666666,41-50
21,0.0,Travel_Rarely,996,Research & Development,3,2,Medical,4,Male,100,2,1,Research Scientist,3,Single,3230,10531,1,No,17,3,1,0,3,4,4,3,2,1,0,18,3.0,0.6666666666666666,0.0,1.0,1.5,1.3333333333333333,332.0,1076.6666666666667,15-25
38,0.0,Travel_Rarely,268,Research & Development,2,5,Medical,4,Male,92,3,1,Research Scientist,3,Married,3057,20471,6,Yes,13,3,2,1,6,0,1,1,0,0,1,32,1.0,0.0,1.0,0.16666666666666666,1.0,0.0,134.0,3057.0,36-40
35,0.0,Travel_Rarely,1142,Research & Development,23,4,Medical,3,Female,30,3,1,Laboratory Technician,1,Married,4014,16002,3,Yes,15,3,3,1,4,3,3,2,2,2,2,31,1.3333333333333333,1.0,1.0,0.5,0.6666666666666666,1.5,49.65217391304348,2007.0,31-35
28,1.0,Travel_Rarely,1157,Research & Development,2,4,Medical,1,Male,84,1,1,Research Scientist,4,Married,3464,24737,5,Yes,13,3,4,0,5,4,2,3,2,2,2,23,1.0,0.6666666666666666,0.6666666666666666,0.6,1.0,1.3333333333333333,578.5,1154.6666666666667,26-30
53,0.0,Travel_Rarely,1376,Sales,2,2,Medical,3,Male,45,3,4,Manager,3,Divorced,14852,13938,6,No,13,3,3,1,22,3,4,17,13,15,2,31,3.6666666666666665,0.7647058823529411,0.11764705882352941,0.7727272727272727,1.0625,0.17647058823529413,688.0,873.6470588235294,51-65
35,0.0,Travel_Frequently,200,Research & Development,18,2,Life Sciences,3,Male,60,3,3,Manufacturing Director,4,Single,9362,19944,2,No,11,3,3,0,10,2,3,2,2,2,2,25,5.0,1.0,1.0,0.2,0.6666666666666666,1.0,11.11111111111111,4681.0,31-35
36,0.0,Travel_Frequently,1480,Research & Development,3,2,Medical,4,Male,30,3,1,Laboratory Technician,2,Single,2088,15062,4,No,12,3,3,0,13,3,2,8,7,7,2,23,3.25,0.875,0.25,0.6153846153846154,1.0,0.375,493.3333333333333,261.0,36-40
36,0.0,Travel_Rarely,1223,Research & Development,8,3,Technical Degree,3,Female,59,3,3,Healthcare Representative,3,Divorced,10096,8202,1,No,13,3,2,3,17,2,3,17,14,12,8,19,17.0,0.8235294117647058,0.47058823529411764,1.0,1.3076923076923077,0.11764705882352941,152.875,593.8823529411765,36-40
59,0.0,Travel_Rarely,715,Research & Development,2,3,Life Sciences,3,Female,69,2,4,Manufacturing Director,4,Single,13726,21829,3,Yes,13,3,1,0,30,4,3,5,3,4,3,29,10.0,0.6,0.6,0.16666666666666666,1.0,0.8,357.5,2745.2,51-65
49,0.0,Travel_Rarely,174,Sales,8,4,Technical Degree,4,Male,56,2,4,Sales Executive,2,Married,13120,11879,6,No,17,3,2,1,22,3,3,9,8,2,3,27,3.6666666666666665,0.8888888888888888,0.3333333333333333,0.4090909090909091,3.0,0.3333333333333333,21.75,1457.7777777777778,41-50
36,0.0,Travel_Rarely,132,Research & Development,6,3,Life Sciences,2,Female,55,4,1,Laboratory Technician,4,Married,3038,22002,3,No,12,3,2,0,5,3,3,1,0,0,0,31,1.6666666666666667,0.0,0.0,0.2,1.0,3.0,22.0,3038.0,36-40
53,0.0,Travel_Rarely,970,Research & Development,7,3,Life Sciences,3,Male,59,4,4,Research Director,3,Married,14814,13514,3,No,19,3,3,0,32,3,3,5,1,1,3,21,10.666666666666666,0.2,0.6,0.15625,2.5,0.6,138.57142857142858,2962.8,51-65
53,0.0,Travel_Rarely,868,Sales,8,3,Marketing,1,Male,73,3,4,Sales Executive,4,Married,11836,22789,5,No,14,3,3,1,28,3,3,2,0,2,2,25,5.6,0.0,1.0,0.07142857142857142,0.6666666666666666,1.5,108.5,5918.0,51-65
31,1.0,Travel_Frequently,1445,Research & Development,1,5,Life Sciences,3,Female,100,4,3,Manufacturing Director,2,Single,7446,8931,1,No,11,3,1,0,10,2,3,10,8,4,7,21,10.0,0.8,0.7,1.0,2.0,0.2,1445.0,744.6,31-35
29,0.0,Travel_Rarely,1389,Research & Development,21,4,Life Sciences,2,Female,51,4,3,Manufacturing Director,1,Divorced,9980,10195,1,No,11,3,3,1,10,1,3,10,9,8,8,19,10.0,0.9,0.8,1.0,1.1111111111111112,0.1,66.14285714285714,998.0,26-30
26,1.0,Travel_Frequently,342,Research & Development,2,3,Life Sciences,1,Male,57,3,1,Research Scientist,1,Married,2042,15346,6,Yes,14,3,2,1,6,2,3,3,2,1,2,20,1.0,0.6666666666666666,0.6666666666666666,0.5,1.5,0.6666666666666666,171.0,680.6666666666666,26-30
20,1.0,Travel_Rarely,500,Sales,2,3,Medical,3,Female,49,2,1,Sales Representative,3,Single,2044,22052,1,No,13,3,4,0,2,3,2,2,2,0,2,18,2.0,1.0,1.0,1.0,2.0,1.5,250.0,1022.0,15-25
31,0.0,Travel_Rarely,828,Sales,2,1,Life Sciences,2,Male,77,3,2,Sales Executive,4,Single,6582,8346,4,Yes,13,3,3,0,10,2,4,6,5,0,5,21,2.5,0.8333333333333334,0.8333333333333334,0.6,6.0,0.3333333333333333,414.0,1097.0,31-35
33,0.0,Travel_Rarely,1075,Human Resources,3,2,Human Resources,4,Male,57,3,1,Human Resources,2,Divorced,2277,22650,3,Yes,11,3,3,1,7,4,4,4,3,0,3,26,2.3333333333333335,0.75,0.75,0.5714285714285714,4.0,1.0,358.3333333333333,569.25,31-35
25,0.0,Travel_Rarely,949,Research & Development,1,3,Technical Degree,1,Male,81,3,1,Laboratory Technician,4,Married,3229,4910,4,No,11,3,2,1,7,2,2,3,2,0,2,18,1.75,0.6666666666666666,0.6666666666666666,0.42857142857142855,3.0,0.6666666666666666,949.0,1076.3333333333333,15-25
34,0.0,Travel_Rarely,1442,Research & Development,9,3,Medical,4,Female,46,2,3,Healthcare Representative,2,Single,8621,17654,1,No,14,3,2,0,9,3,4,8,7,7,7,25,9.0,0.875,0.875,0.8888888888888888,1.0,0.375,160.22222222222223,1077.625,31-35
33,0.0,Travel_Frequently,515,Research & Development,1,2,Life Sciences,1,Female,98,3,3,Research Director,4,Single,13458,15146,1,Yes,12,3,3,0,15,1,3,15,14,8,12,18,15.0,0.9333333333333333,0.8,1.0,1.6666666666666667,0.06666666666666667,515.0,897.2,31-35
45,0.0,Travel_Rarely,1448,Research & Development,29,3,Technical Degree,2,Male,55,3,3,Manufacturing Director,4,Married,9380,14720,4,Yes,18,3,4,2,10,4,4,3,1,1,2,35,2.5,0.3333333333333333,0.6666666666666666,0.3,1.5,1.3333333333333333,49.93103448275862,3126.6666666666665,41-50
40,0.0,Travel_Frequently,902,Research & Development,26,2,Medical,3,Female,92,2,2,Research Scientist,4,Married,4422,21203,3,Yes,13,3,4,1,16,3,1,1,1,0,0,24,5.333333333333333,1.0,0.0,0.0625,1.0,3.0,34.69230769230769,4422.0,36-40
22,0.0,Travel_Rarely,253,Research & Development,11,3,Medical,1,Female,43,3,1,Research Scientist,2,Married,2244,24440,1,No,13,3,4,1,2,1,3,2,1,1,2,20,2.0,0.5,1.0,1.0,1.0,0.5,23.0,1122.0,15-25
38,1.0,Travel_Rarely,1180,Research & Development,29,1,Medical,2,Male,70,3,2,Healthcare Representative,1,Married,6673,11354,7,Yes,19,3,2,0,17,2,3,1,0,0,0,21,2.4285714285714284,0.0,0.0,0.058823529411764705,1.0,2.0,40.689655172413794,6673.0,36-40
43,0.0,Travel_Rarely,782,Research & Development,6,4,Other,2,Male,50,2,4,Research Director,4,Divorced,16627,2671,4,Yes,14,3,3,1,21,3,2,1,0,0,0,22,5.25,0.0,0.0,0.047619047619047616,1.0,3.0,130.33333333333334,16627.0,41-50
48,0.0,Travel_Rarely,530,Sales,29,1,Medical,1,Female,91,3,3,Manager,3,Married,12504,23978,3,No,21,4,2,1,15,3,1,0,0,0,0,33,5.0,,,0.0,0.0,6.0,18.275862068965516,18711.0,41-50
18,0.0,Non-Travel,287,Research & Development,5,2,Life Sciences,2,Male,73,3,1,Research Scientist,4,Single,1051,13493,1,No,15,3,4,0,0,2,3,0,0,0,0,18,0.0,,,,0.0,6.0,57.4,18711.0,15-25
35,0.0,Travel_Rarely,1296,Research & Development,5,4,Technical Degree,3,Male,62,3,3,Manufacturing Director,2,Single,8095,18264,0,No,13,3,4,0,17,5,3,16,6,0,13,18,40.0,0.375,0.8125,0.9411764705882353,16.0,0.3125,259.2,505.9375,31-35
28,0.0,Travel_Frequently,193,Research & Development,2,3,Life Sciences,4,Male,52,2,1,Laboratory Technician,4,Married,3867,14222,1,Yes,12,3,2,1,2,2,3,2,2,2,2,26,2.0,1.0,1.0,1.0,0.6666666666666666,1.0,96.5,1933.5,26-30
48,0.0,Travel_Rarely,1236,Research & Development,1,4,Life Sciences,4,Female,40,2,4,Manager,1,Married,15402,17997,7,No,11,3,1,1,21,3,1,3,2,0,2,27,3.0,0.6666666666666666,0.6666666666666666,0.14285714285714285,3.0,1.0,1236.0,5134.0,41-50
40,0.0,Travel_Rarely,989,Research & Development,4,1,Medical,4,Female,46,3,5,Manager,3,Married,19033,6499,1,No,14,3,2,1,21,2,3,20,8,9,9,19,21.0,0.4,0.45,0.9523809523809523,2.0,0.1,247.25,951.65,36-40
25,0.0,Travel_Rarely,141,Sales,3,1,Other,3,Male,98,3,2,Sales Executive,1,Married,4194,14363,1,Yes,18,3,4,0,5,3,3,5,3,0,3,20,5.0,0.6,0.6,1.0,5.0,0.6,47.0,838.8,15-25
29,1.0,Travel_Rarely,806,Research & Development,7,3,Technical Degree,2,Female,39,3,1,Laboratory Technician,3,Divorced,3339,17285,3,Yes,13,3,1,2,10,2,3,7,7,7,7,19,3.3333333333333335,1.0,1.0,0.7,0.875,0.2857142857142857,115.14285714285714,477.0,26-30
55,0.0,Travel_Frequently,1091,Research & Development,2,1,Life Sciences,4,Male,65,3,3,Manufacturing Director,2,Married,10976,15813,3,No,18,3,2,1,23,4,3,3,2,1,2,32,7.666666666666667,0.6666666666666666,0.6666666666666666,0.13043478260869565,1.5,1.3333333333333333,545.5,3658.6666666666665,51-65
31,0.0,Travel_Rarely,1274,Research & Development,9,1,Life Sciences,3,Male,33,3,3,Manufacturing Director,2,Divorced,10648,14394,1,No,25,4,4,1,13,6,4,13,8,0,8,18,13.0,0.6153846153846154,0.6153846153846154,1.0,13.0,0.46153846153846156,141.55555555555554,819.0769230769231,31-35
36,0.0,Travel_Rarely,216,Research & Development,6,2,Medical,2,Male,84,3,2,Manufacturing Director,2,Divorced,4941,2819,6,No,20,4,4,2,7,0,3,3,2,0,1,29,1.1666666666666667,0.6666666666666666,0.3333333333333333,0.42857142857142855,3.0,0.0,36.0,1647.0,36-40
38,0.0,Travel_Rarely,1009,Sales,2,2,Life Sciences,2,Female,31,3,2,Sales Executive,1,Divorced,6893,19461,3,No,15,3,4,1,11,3,3,7,7,1,7,27,3.6666666666666665,1.0,1.0,0.6363636363636364,3.5,0.42857142857142855,504.5,984.7142857142857,36-40
56,0.0,Travel_Rarely,713,Research & Development,8,3,Life Sciences,3,Female,67,3,1,Research Scientist,1,Divorced,4257,13939,4,Yes,18,3,3,1,19,3,3,2,2,2,2,37,4.75,1.0,1.0,0.10526315789473684,0.6666666666666666,1.5,89.125,2128.5,51-65
59,0.0,Travel_Frequently,1225,Sales,1,1,Life Sciences,1,Female,57,2,2,Sales Executive,3,Single,5473,24668,7,No,11,3,4,0,20,2,2,4,3,1,3,39,2.857142857142857,0.75,0.75,0.2,2.0,0.5,1225.0,1368.25,51-65
27,0.0,Travel_Rarely,1220,Research & Development,5,3,Life Sciences,3,Female,85,3,1,Research Scientist,2,Single,2478,20938,1,Yes,12,3,2,0,4,2,2,4,3,1,2,23,4.0,0.75,0.5,1.0,2.0,0.5,244.0,619.5,26-30
35,0.0,Travel_Rarely,882,Sales,3,4,Life Sciences,4,Male,92,3,3,Sales Executive,4,Divorced,7823,6812,6,No,13,3,2,1,12,2,3,10,9,0,8,23,2.0,0.9,0.8,0.8333333333333334,10.0,0.2,294.0,782.3,31-35
34,0.0,Travel_Rarely,546,Research & Development,10,3,Life Sciences,2,Male,83,3,1,Laboratory Technician,2,Divorced,2008,6896,1,No,14,3,2,2,1,3,3,1,0,1,0,33,1.0,0.0,0.0,1.0,0.5,3.0,54.6,2008.0,31-35
42,0.0,Travel_Rarely,916,Research & Development,17,2,Life Sciences,4,Female,82,4,2,Research Scientist,1,Single,6545,23016,3,Yes,13,3,3,0,10,1,3,3,2,0,2,32,3.3333333333333335,0.6666666666666666,0.6666666666666666,0.3,3.0,0.3333333333333333,53.88235294117647,2181.6666666666665,41-50
34,0.0,Travel_Rarely,1031,Research & Development,6,4,Life Sciences,3,Female,45,2,2,Research Scientist,2,Divorced,4505,15000,6,No,15,3,3,1,12,3,3,1,0,0,0,22,2.0,0.0,0.0,0.08333333333333333,1.0,3.0,171.83333333333334,4505.0,31-35
41,0.0,Travel_Rarely,645,Sales,1,3,Marketing,2,Male,49,4,3,Sales Executive,1,Married,8392,19566,1,No,16,3,3,1,10,2,3,10,7,0,7,31,10.0,0.7,0.7,1.0,10.0,0.2,645.0,839.2,41-50
26,1.0,Travel_Frequently,426,Human Resources,17,4,Life Sciences,2,Female,58,3,1,Human Resources,3,Divorced,2741,22808,0,Yes,11,3,2,1,8,2,2,7,7,1,0,18,40.0,1.0,0.0,0.875,3.5,0.2857142857142857,25.058823529411764,391.57142857142856,26-30
31,1.0,Travel_Frequently,874,Research & Development,15,3,Medical,3,Male,72,3,1,Laboratory Technician,3,Married,2610,6233,1,No,12,3,3,1,2,5,2,2,2,2,2,29,2.0,1.0,1.0,1.0,0.6666666666666666,2.5,58.266666666666666,1305.0,31-35
19,1.0,Travel_Rarely,489,Human Resources,2,2,Technical Degree,1,Male,52,2,1,Human Resources,4,Single,2564,18437,1,No,12,3,3,0,1,3,4,1,0,0,0,18,1.0,0.0,0.0,1.0,1.0,3.0,244.5,2564.0,15-25
32,0.0,Travel_Rarely,638,Research & Development,8,2,Medical,3,Female,91,4,2,Research Scientist,3,Married,5175,22162,5,No,12,3,3,1,9,3,2,5,3,1,3,23,1.8,0.6,0.6,0.5555555555555556,2.5,0.6,79.75,1035.0,31-35
50,0.0,Non-Travel,145,Sales,1,3,Life Sciences,4,Female,95,3,2,Sales Executive,3,Married,6347,24920,0,No,12,3,1,1,19,3,3,18,7,0,13,31,40.0,0.3888888888888889,0.7222222222222222,0.9473684210526315,18.0,0.16666666666666666,145.0,352.6111111111111,41-50
36,0.0,Non-Travel,217,Research & Development,18,4,Life Sciences,1,Male,78,3,2,Manufacturing Director,4,Single,7779,23238,2,No,20,4,1,0,18,0,3,11,9,0,9,18,9.0,0.8181818181818182,0.8181818181818182,0.6111111111111112,11.0,0.0,12.055555555555555,707.1818181818181,36-40
44,0.0,Travel_Rarely,1099,Sales,5,3,Marketing,2,Male,88,3,5,Manager,2,Married,18213,8751,7,No,11,3,3,1,26,5,3,22,9,3,10,18,3.7142857142857144,0.4090909090909091,0.45454545454545453,0.8461538461538461,5.5,0.22727272727272727,219.8,827.8636363636364,41-50
25,0.0,Travel_Rarely,810,Sales,8,3,Life Sciences,4,Male,57,4,2,Sales Executive,2,Married,4851,15678,0,No,22,4,3,1,4,4,3,3,2,1,2,21,40.0,0.6666666666666666,0.6666666666666666,0.75,1.5,1.3333333333333333,101.25,1617.0,15-25
33,0.0,Travel_Rarely,461,Research & Development,13,1,Life Sciences,2,Female,53,3,1,Research Scientist,4,Single,3452,17241,3,No,18,3,1,0,5,4,3,3,2,0,2,28,1.6666666666666667,0.6666666666666666,0.6666666666666666,0.6,3.0,1.3333333333333333,35.46153846153846,1150.6666666666667,31-35
27,0.0,Travel_Rarely,1103,Research & Development,14,3,Life Sciences,1,Male,42,3,1,Research Scientist,1,Married,2235,14377,1,Yes,14,3,4,2,9,3,2,9,7,6,8,18,9.0,0.7777777777777778,0.8888888888888888,1.0,1.2857142857142858,0.3333333333333333,78.78571428571429,248.33333333333334,26-30
29,0.0,Travel_Rarely,718,Research & Development,8,1,Medical,2,Male,79,2,2,Manufacturing Director,4,Married,5056,17689,1,Yes,15,3,3,1,10,2,2,10,7,1,2,19,10.0,0.7,0.2,1.0,5.0,0.2,89.75,505.6,26-30
50,0.0,Travel_Rarely,328,Research & Development,1,3,Medical,3,Male,86,2,1,Laboratory Technician,3,Married,3690,3425,2,No,15,3,4,1,5,2,2,3,2,0,2,45,2.5,0.6666666666666666,0.6666666666666666,0.6,3.0,0.6666666666666666,328.0,1230.0,41-50
25,0.0,Travel_Rarely,266,Research & Development,1,3,Medical,4,Female,40,3,1,Research Scientist,2,Single,2096,18830,1,No,18,3,4,0,2,3,2,2,2,2,1,23,2.0,1.0,0.5,1.0,0.6666666666666666,1.5,266.0,1048.0,15-25
35,0.0,Travel_Rarely,528,Human Resources,8,4,Technical Degree,3,Male,100,3,1,Human Resources,3,Single,4323,7108,1,No,17,3,2,0,6,2,1,5,4,1,4,29,6.0,0.8,0.8,0.8333333333333334,2.5,0.4,66.0,864.6,31-35
33,1.0,Travel_Rarely,350,Sales,5,3,Marketing,4,Female,34,3,1,Sales Representative,3,Single,2851,9150,1,Yes,13,3,2,0,1,2,3,1,0,0,0,32,1.0,0.0,0.0,1.0,1.0,2.0,70.0,2851.0,31-35
57,0.0,Travel_Rarely,210,Sales,29,3,Marketing,1,Male,56,2,4,Manager,4,Divorced,14118,22102,3,No,12,3,3,1,32,3,2,1,0,0,0,25,10.666666666666666,0.0,0.0,0.03125,1.0,3.0,7.241379310344827,14118.0,51-65
39,1.0,Travel_Rarely,895,Sales,5,3,Technical Degree,4,Male,56,3,2,Sales Representative,4,Married,2086,3335,3,No,14,3,3,1,19,6,4,1,0,0,0,20,6.333333333333333,0.0,0.0,0.05263157894736842,1.0,6.0,179.0,2086.0,36-40
20,1.0,Travel_Frequently,769,Sales,9,3,Marketing,4,Female,54,3,1,Sales Representative,4,Single,2323,17205,1,Yes,14,3,2,0,2,3,3,2,2,0,2,18,2.0,1.0,1.0,1.0,2.0,1.5,85.44444444444444,1161.5,15-25
58,0.0,Non-Travel,390,Research & Development,1,4,Life Sciences,4,Male,32,1,2,Healthcare Representative,3,Divorced,5660,17056,2,Yes,13,3,4,1,12,2,3,5,3,1,2,46,6.0,0.6,0.4,0.4166666666666667,2.5,0.4,390.0,1132.0,51-65
51,0.0,Travel_Rarely,1302,Research & Development,2,3,Medical,4,Male,84,1,2,Manufacturing Director,2,Divorced,5482,16321,5,No,18,3,4,1,13,3,3,4,1,1,2,38,2.6,0.25,0.5,0.3076923076923077,2.0,0.75,651.0,1370.5,51-65
33,0.0,Travel_Rarely,922,Research & Development,1,5,Medical,1,Female,95,4,4,Research Director,3,Divorced,16184,22578,4,No,19,3,3,1,10,2,3,6,1,0,5,23,2.5,0.16666666666666666,0.8333333333333334,0.6,6.0,0.3333333333333333,922.0,2697.3333333333335,31-35
38,0.0,Travel_Rarely,130,Sales,2,2,Marketing,4,Male,32,3,3,Sales Executive,2,Single,7351,20619,7,No,16,3,3,0,10,2,3,1,0,0,0,28,1.4285714285714286,0.0,0.0,0.1,1.0,2.0,65.0,7351.0,36-40
37,0.0,Non-Travel,728,Research & Development,1,4,Medical,1,Female,80,3,3,Research Director,4,Divorced,13603,11677,2,Yes,18,3,1,2,15,2,3,5,2,0,2,22,7.5,0.4,0.4,0.3333333333333333,5.0,0.4,728.0,2720.6,36-40
37,0.0,Travel_Rarely,408,Research & Development,19,2,Life Sciences,2,Male,73,3,1,Research Scientist,2,Married,3022,10227,4,No,21,4,1,0,8,1,3,1,0,0,0,29,2.0,0.0,0.0,0.125,1.0,1.0,21.473684210526315,3022.0,36-40
33,1.0,Travel_Rarely,465,Research & Development,2,2,Life Sciences,1,Female,39,3,1,Laboratory Technician,1,Married,2707,21509,7,No,20,4,1,0,13,3,4,9,7,1,7,20,1.8571428571428572,0.7777777777777778,0.7777777777777778,0.6923076923076923,4.5,0.3333333333333333,232.5,300.77777777777777,31-35
39,0.0,Travel_Rarely,524,Research & Development,18,2,Life Sciences,1,Male,32,3,2,Manufacturing Director,3,Single,4534,13352,0,No,11,3,1,0,9,6,3,8,7,1,7,30,40.0,0.875,0.875,0.8888888888888888,4.0,0.75,29.11111111111111,566.75,36-40
22,1.0,Travel_Frequently,1368,Research & Development,4,1,Technical Degree,3,Male,99,2,1,Laboratory Technician,3,Single,3894,9129,5,No,16,3,3,0,4,3,3,2,2,1,2,18,0.8,1.0,1.0,0.5,1.0,1.5,342.0,1947.0,15-25
52,0.0,Travel_Rarely,1325,Research & Development,11,4,Life Sciences,4,Female,82,3,2,Laboratory Technician,3,Married,3149,21821,8,No,20,4,2,1,9,3,3,5,2,1,4,43,1.125,0.4,0.8,0.5555555555555556,2.5,0.6,120.45454545454545,629.8,51-65
40,0.0,Travel_Rarely,1492,Research & Development,20,4,Technical Degree,1,Male,61,3,3,Healthcare Representative,4,Married,10322,26542,4,No,20,4,4,1,14,6,3,11,10,11,1,26,3.5,0.9090909090909091,0.09090909090909091,0.7857142857142857,0.9166666666666666,0.5454545454545454,74.6,938.3636363636364,36-40
35,0.0,Travel_Rarely,1219,Sales,18,3,Medical,3,Female,86,3,2,Sales Executive,3,Married,4601,6179,1,No,16,3,2,0,5,3,3,5,2,1,0,30,5.0,0.4,0.0,1.0,2.5,0.6,67.72222222222223,920.2,31-35
47,0.0,Travel_Rarely,1454,Sales,2,4,Life Sciences,4,Female,65,2,1,Sales Representative,4,Single,3294,13137,1,Yes,18,3,1,0,3,3,2,3,2,1,2,44,3.0,0.6666666666666666,0.6666666666666666,1.0,1.5,1.0,727.0,1098.0,41-50
54,0.0,Non-Travel,142,Human Resources,26,3,Human Resources,4,Female,30,4,4,Manager,4,Single,17328,13871,2,Yes,12,3,3,0,23,3,3,5,3,4,4,31,11.5,0.6,0.8,0.21739130434782608,1.0,0.6,5.461538461538462,3465.6,51-65
32,1.0,Travel_Rarely,374,Research & Development,25,4,Life Sciences,1,Male,87,3,1,Laboratory Technician,4,Single,2795,18016,1,Yes,24,4,3,0,1,2,1,1,0,0,1,31,1.0,0.0,1.0,1.0,1.0,2.0,14.96,2795.0,31-35
29,0.0,Non-Travel,1496,Research & Development,1,1,Technical Degree,4,Male,41,3,2,Manufacturing Director,3,Married,4319,26283,1,No,13,3,1,1,10,1,3,10,7,0,9,19,10.0,0.7,0.9,1.0,10.0,0.1,1496.0,431.9,26-30
28,0.0,Travel_Rarely,640,Research & Development,1,3,Technical Degree,4,Male,84,3,1,Research Scientist,1,Single,2080,4732,2,No,11,3,2,0,5,2,2,3,2,1,2,23,2.5,0.6666666666666666,0.6666666666666666,0.6,1.5,0.6666666666666666,640.0,693.3333333333334,26-30
36,0.0,Travel_Rarely,938,Research & Development,2,4,Medical,3,Male,79,3,1,Laboratory Technician,3,Single,2519,12287,4,No,21,4,3,0,16,6,3,11,8,3,9,20,4.0,0.7272727272727273,0.8181818181818182,0.6875,2.75,0.5454545454545454,469.0,229.0,36-40
34,0.0,Travel_Frequently,648,Human Resources,11,3,Life Sciences,3,Male,56,2,2,Human Resources,2,Married,4490,21833,4,No,11,3,4,2,14,5,4,10,9,1,8,20,3.5,0.9,0.8,0.7142857142857143,5.0,0.5,58.90909090909091,449.0,31-35
39,0.0,Travel_Frequently,672,Research & Development,7,2,Medical,3,Male,54,2,5,Manager,4,Married,19272,21141,1,No,15,3,1,1,21,2,3,21,9,13,3,18,21.0,0.42857142857142855,0.14285714285714285,1.0,1.5,0.09523809523809523,96.0,917.7142857142857,36-40
56,1.0,Travel_Rarely,441,Research & Development,14,4,Life Sciences,2,Female,72,3,1,Research Scientist,2,Married,4963,4510,9,Yes,18,3,1,3,7,2,3,5,4,4,3,49,0.7777777777777778,0.8,0.6,0.7142857142857143,1.0,0.4,31.5,992.6,51-65
44,0.0,Travel_Rarely,1117,Research & Development,2,1,Life Sciences,1,Female,72,4,1,Research Scientist,4,Married,2011,19982,1,No,13,3,4,1,10,5,3,10,5,7,7,34,10.0,0.5,0.7,1.0,1.25,0.5,558.5,201.1,41-50
49,0.0,Travel_Rarely,527,Research & Development,8,2,Other,1,Female,51,3,3,Laboratory Technician,2,Married,7403,22477,4,No,11,3,3,1,29,3,2,26,9,1,7,20,7.25,0.34615384615384615,0.2692307692307692,0.896551724137931,13.0,0.11538461538461539,65.875,284.7307692307692,41-50
42,1.0,Travel_Frequently,933,Research & Development,19,3,Medical,3,Male,57,4,1,Research Scientist,3,Divorced,2759,20366,6,Yes,12,3,4,0,7,2,3,2,2,2,2,35,1.1666666666666667,1.0,1.0,0.2857142857142857,0.6666666666666666,1.0,49.10526315789474,1379.5,41-50
30,0.0,Travel_Rarely,1329,Sales,29,4,Life Sciences,3,Male,61,3,2,Sales Executive,1,Divorced,4115,13192,8,No,19,3,3,3,8,3,3,4,3,0,3,22,1.0,0.75,0.75,0.5,4.0,0.75,45.827586206896555,1028.75,26-30
40,0.0,Non-Travel,218,Research & Development,8,1,Medical,4,Male,55,2,3,Research Director,2,Divorced,13757,25178,2,No,11,3,3,1,16,5,3,9,8,4,8,24,8.0,0.8888888888888888,0.8888888888888888,0.5625,1.8,0.5555555555555556,27.25,1528.5555555555557,36-40
44,0.0,Non-Travel,381,Research & Development,24,3,Medical,1,Male,49,1,1,Laboratory Technician,3,Single,3708,2104,2,No,14,3,3,0,9,5,3,5,2,1,4,35,4.5,0.4,0.8,0.5555555555555556,2.5,1.0,15.875,741.6,41-50
52,0.0,Travel_Frequently,890,Research & Development,25,4,Medical,3,Female,81,2,4,Manufacturing Director,4,Married,13826,19028,3,No,22,4,3,0,31,3,3,9,8,0,0,21,10.333333333333334,0.8888888888888888,0.0,0.2903225806451613,9.0,0.3333333333333333,35.6,1536.2222222222222,51-65
54,0.0,Travel_Rarely,971,Research & Development,1,3,Medical,4,Female,54,3,4,Research Director,4,Single,17328,5652,6,No,19,3,4,0,29,3,2,20,7,12,7,25,4.833333333333333,0.35,0.35,0.6896551724137931,1.5384615384615385,0.15,971.0,866.4,51-65
25,1.0,Travel_Rarely,1219,Research & Development,4,1,Technical Degree,4,Male,32,3,1,Laboratory Technician,4,Married,3691,4605,1,Yes,15,3,2,1,7,3,4,7,7,5,6,18,7.0,1.0,0.8571428571428571,1.0,1.1666666666666667,0.42857142857142855,304.75,527.2857142857143,15-25
35,0.0,Non-Travel,1225,Research & Development,2,4,Life Sciences,4,Female,61,3,2,Healthcare Representative,1,Divorced,5093,4761,2,No,11,3,1,1,16,2,4,1,0,0,0,19,8.0,0.0,0.0,0.0625,1.0,2.0,612.5,5093.0,31-35
29,0.0,Travel_Rarely,657,Research & Development,27,3,Medical,2,Female,66,3,2,Healthcare Representative,3,Married,4335,25549,4,No,12,3,1,1,11,3,2,8,7,1,1,18,2.75,0.875,0.125,0.7272727272727273,4.0,0.375,24.333333333333332,541.875,26-30
22,0.0,Travel_Rarely,534,Research & Development,15,3,Medical,2,Female,59,3,1,Laboratory Technician,4,Single,2871,23785,1,No,15,3,3,0,1,5,3,0,0,0,0,21,1.0,,,0.0,0.0,6.0,35.6,18711.0,15-25
38,0.0,Travel_Rarely,1495,Research & Development,10,3,Medical,3,Female,76,3,2,Healthcare Representative,3,Married,9824,22174,3,No,19,3,3,1,18,4,3,1,0,0,0,20,6.0,0.0,0.0,0.05555555555555555,1.0,4.0,149.5,9824.0,36-40
33,0.0,Travel_Rarely,586,Sales,1,3,Medical,1,Male,48,4,2,Sales Executive,1,Divorced,4037,21816,1,No,22,4,1,1,9,5,3,9,8,0,8,24,9.0,0.8888888888888888,0.8888888888888888,1.0,9.0,0.5555555555555556,586.0,448.55555555555554,31-35
25,1.0,Travel_Frequently,599,Sales,24,1,Life Sciences,3,Male,73,1,1,Sales Representative,4,Single,1118,8040,1,Yes,14,3,4,0,1,4,3,1,0,1,0,24,1.0,0.0,0.0,1.0,0.5,4.0,24.958333333333332,1118.0,15-25
31,0.0,Travel_Rarely,480,Research & Development,7,2,Medical,2,Female,31,3,2,Manufacturing Director,1,Married,4306,4156,1,No,12,3,2,1,13,5,1,13,10,3,12,18,13.0,0.7692307692307693,0.9230769230769231,1.0,3.25,0.38461538461538464,68.57142857142857,331.2307692307692,31-35
29,0.0,Travel_Rarely,1176,Sales,3,2,Medical,2,Female,62,3,2,Sales Executive,3,Married,5561,3487,1,No,14,3,1,1,6,5,2,6,0,1,2,23,6.0,0.0,0.3333333333333333,1.0,3.0,0.8333333333333334,392.0,926.8333333333334,26-30
29,0.0,Travel_Frequently,1404,Sales,20,3,Technical Degree,3,Female,84,3,1,Sales Representative,4,Married,2157,18203,1,No,15,3,2,1,3,5,3,3,1,0,2,26,3.0,0.3333333333333333,0.6666666666666666,1.0,3.0,1.6666666666666667,70.2,719.0,26-30
54,0.0,Travel_Frequently,928,Research & Development,20,4,Life Sciences,4,Female,31,3,2,Research Scientist,3,Single,4869,16885,3,No,12,3,4,0,20,4,2,4,3,0,3,34,6.666666666666667,0.75,0.75,0.2,4.0,1.0,46.4,1217.25,51-65
54,0.0,Travel_Rarely,376,Research & Development,19,4,Medical,4,Female,95,3,2,Manufacturing Director,1,Divorced,5485,22670,9,Yes,11,3,2,2,9,4,3,5,3,1,4,45,1.0,0.6,0.8,0.5555555555555556,2.5,0.8,19.789473684210527,1097.0,51-65
31,1.0,Non-Travel,335,Research & Development,9,2,Medical,3,Male,46,2,1,Research Scientist,1,Single,2321,10322,0,Yes,22,4,1,0,4,0,3,3,2,1,2,27,40.0,0.6666666666666666,0.6666666666666666,0.75,1.5,0.0,37.22222222222222,773.6666666666666,31-35
47,0.0,Travel_Rarely,465,Research & Development,1,3,Technical Degree,1,Male,74,3,1,Research Scientist,4,Married,3420,10205,7,No,12,3,3,1,17,2,2,6,5,1,2,30,2.4285714285714284,0.8333333333333334,0.3333333333333333,0.35294117647058826,3.0,0.3333333333333333,465.0,570.0,41-50
36,0.0,Travel_Rarely,1299,Research & Development,27,3,Medical,3,Male,94,3,2,Healthcare Representative,3,Married,5237,16577,6,No,13,3,2,2,17,3,2,7,7,7,7,19,2.8333333333333335,1.0,1.0,0.4117647058823529,0.875,0.42857142857142855,48.111111111111114,748.1428571428571,36-40
41,0.0,Travel_Rarely,1283,Research & Development,5,5,Medical,2,Male,90,4,1,Research Scientist,3,Married,2127,5561,2,Yes,12,3,1,0,7,5,2,4,2,0,3,34,3.5,0.5,0.75,0.5714285714285714,4.0,1.25,256.6,531.75,41-50
29,1.0,Travel_Frequently,115,Sales,13,3,Technical Degree,1,Female,51,3,2,Sales Executive,2,Single,5765,17485,5,No,11,3,1,0,7,4,1,5,3,0,0,22,1.4,0.6,0.0,0.7142857142857143,5.0,0.8,8.846153846153847,1153.0,26-30
18,1.0,Travel_Frequently,1306,Sales,5,3,Marketing,2,Male,69,3,1,Sales Representative,2,Single,1878,8059,1,Yes,14,3,4,0,0,3,3,0,0,0,0,18,0.0,,,,0.0,6.0,261.2,18711.0,15-25
32,0.0,Travel_Rarely,1018,Research & Development,2,4,Medical,1,Female,74,4,2,Research Scientist,4,Single,5055,10557,7,No,16,3,3,0,10,0,2,7,7,0,7,22,1.4285714285714286,1.0,1.0,0.7,7.0,0.0,509.0,722.1428571428571,31-35
42,0.0,Travel_Rarely,532,Research & Development,4,2,Technical Degree,3,Male,58,3,5,Manager,4,Married,19232,4933,1,No,11,3,4,0,22,3,3,22,17,11,15,20,22.0,0.7727272727272727,0.6818181818181818,1.0,1.8333333333333333,0.13636363636363635,133.0,874.1818181818181,41-50
58,0.0,Travel_Rarely,682,Sales,10,4,Medical,4,Male,37,3,4,Sales Executive,3,Single,13872,24409,0,No,13,3,3,0,38,1,2,37,10,1,8,20,40.0,0.2702702702702703,0.21621621621621623,0.9736842105263158,18.5,0.02702702702702703,68.2,374.9189189189189,51-65
37,0.0,Travel_Rarely,1192,Research & Development,5,2,Medical,4,Male,61,3,2,Manufacturing Director,4,Divorced,6347,23177,7,No,16,3,3,2,8,2,2,6,2,0,4,29,1.1428571428571428,0.3333333333333333,0.6666666666666666,0.75,6.0,0.3333333333333333,238.4,1057.8333333333333,36-40
39,0.0,Travel_Frequently,945,Research & Development,22,3,Medical,4,Female,82,3,3,Manufacturing Director,1,Single,10880,5083,1,Yes,13,3,3,0,21,2,3,21,6,2,8,18,21.0,0.2857142857142857,0.38095238095238093,1.0,7.0,0.09523809523809523,42.95454545454545,518.0952380952381,36-40
31,0.0,Travel_Rarely,691,Sales,7,3,Marketing,4,Male,73,3,2,Sales Executive,4,Divorced,7547,7143,4,No,12,3,4,3,13,3,3,7,7,1,7,18,3.25,1.0,1.0,0.5384615384615384,3.5,0.42857142857142855,98.71428571428571,1078.142857142857,31-35
45,0.0,Travel_Rarely,1268,Sales,4,2,Life Sciences,3,Female,30,3,2,Sales Executive,1,Divorced,5006,6319,4,Yes,11,3,1,1,9,3,4,5,4,0,3,36,2.25,0.8,0.6,0.5555555555555556,5.0,0.6,317.0,1001.2,41-50
26,0.0,Travel_Rarely,1355,Human Resources,25,1,Life Sciences,3,Female,61,3,1,Human Resources,3,Married,2942,8916,1,No,23,4,4,1,8,3,3,8,7,5,7,18,8.0,0.875,0.875,1.0,1.3333333333333333,0.375,54.2,367.75,26-30
28,1.0,Travel_Rarely,1434,Research & Development,5,4,Technical Degree,3,Male,50,3,1,Laboratory Technician,3,Single,3441,11179,1,Yes,13,3,3,0,2,3,2,2,2,2,2,26,2.0,1.0,1.0,1.0,0.6666666666666666,1.5,286.8,1720.5,26-30
35,0.0,Travel_Rarely,195,Sales,1,3,Medical,1,Female,80,3,2,Sales Executive,3,Single,4859,6698,1,No,16,3,4,0,5,3,3,5,4,0,3,30,5.0,0.8,0.6,1.0,5.0,0.6,195.0,971.8,31-35
30,0.0,Non-Travel,1400,Research & Development,3,3,Life Sciences,3,Male,53,3,1,Laboratory Technician,4,Married,2097,16734,4,No,15,3,3,1,9,3,1,5,3,1,4,21,2.25,0.6,0.8,0.5555555555555556,2.5,0.6,466.6666666666667,419.4,26-30
34,0.0,Travel_Frequently,1003,Research & Development,2,2,Life Sciences,4,Male,95,3,2,Manufacturing Director,3,Single,4033,15834,2,No,11,3,4,0,5,3,2,3,2,0,2,29,2.5,0.6666666666666666,0.6666666666666666,0.6,3.0,1.0,501.5,1344.3333333333333,31-35
43,0.0,Travel_Rarely,415,Sales,25,3,Medical,3,Male,79,2,3,Sales Executive,4,Divorced,10798,5268,5,No,13,3,3,1,18,5,3,1,0,0,0,25,3.6,0.0,0.0,0.05555555555555555,1.0,5.0,16.6,10798.0,41-50
35,0.0,Travel_Rarely,755,Research & Development,9,4,Life Sciences,3,Male,97,2,2,Healthcare Representative,2,Single,6540,19394,9,No,19,3,3,0,10,5,3,1,1,0,0,25,1.1111111111111112,1.0,0.0,0.1,1.0,5.0,83.88888888888889,6540.0,31-35
35,0.0,Travel_Rarely,1361,Sales,17,4,Life Sciences,3,Male,94,3,2,Sales Executive,1,Married,8966,21026,3,Yes,15,3,4,3,15,2,3,7,7,1,7,20,5.0,1.0,1.0,0.4666666666666667,3.5,0.2857142857142857,80.05882352941177,1280.857142857143,31-35
54,0.0,Travel_Rarely,548,Research & Development,8,4,Life Sciences,3,Female,42,3,2,Laboratory Technician,3,Single,3780,23428,7,No,11,3,3,0,19,3,3,1,0,0,0,35,2.7142857142857144,0.0,0.0,0.05263157894736842,1.0,3.0,68.5,3780.0,51-65
20,0.0,Travel_Rarely,654,Sales,21,3,Marketing,3,Male,43,4,1,Sales Representative,4,Single,2678,5050,1,No,17,3,4,0,2,2,3,2,1,2,2,18,2.0,0.5,1.0,1.0,0.6666666666666666,1.0,31.142857142857142,1339.0,15-25
33,1.0,Travel_Rarely,527,Research & Development,1,4,Other,4,Male,63,3,1,Research Scientist,4,Single,2686,5207,1,Yes,13,3,3,0,10,2,2,10,9,7,8,23,10.0,0.9,0.8,1.0,1.25,0.2,527.0,268.6,31-35
41,0.0,Travel_Frequently,840,Research & Development,9,3,Medical,1,Male,64,3,5,Research Director,3,Divorced,19419,3735,2,No,17,3,2,1,21,2,4,18,16,0,11,20,10.5,0.8888888888888888,0.6111111111111112,0.8571428571428571,18.0,0.1111111111111111,93.33333333333333,1078.8333333333333,41-50
56,0.0,Travel_Rarely,206,Human Resources,8,4,Life Sciences,4,Male,99,3,5,Manager,2,Single,19717,4022,6,No,14,3,1,0,36,4,3,7,3,7,7,20,6.0,0.42857142857142855,1.0,0.19444444444444445,0.875,0.5714285714285714,25.75,2816.714285714286,51-65
27,0.0,Travel_Rarely,1377,Sales,2,3,Life Sciences,4,Male,74,3,2,Sales Executive,3,Single,4478,5242,1,Yes,11,3,1,0,5,3,3,5,4,0,4,22,5.0,0.8,0.8,1.0,5.0,0.6,688.5,895.6,26-30
44,0.0,Travel_Rarely,200,Research & Development,29,4,Other,4,Male,32,3,2,Research Scientist,4,Single,4541,7744,1,No,25,4,2,0,20,3,3,20,11,13,17,24,20.0,0.55,0.85,1.0,1.4285714285714286,0.15,6.896551724137931,227.05,41-50
34,0.0,Travel_Rarely,1320,Research & Development,20,3,Technical Degree,3,Female,89,4,1,Research Scientist,3,Married,2585,21643,0,No,17,3,4,0,2,5,2,1,0,0,0,32,40.0,0.0,0.0,0.5,1.0,5.0,66.0,2585.0,31-35
34,0.0,Travel_Rarely,829,Human Resources,3,2,Human Resources,3,Male,88,3,1,Human Resources,4,Married,3737,2243,0,No,19,3,3,1,4,1,1,3,2,0,2,30,40.0,0.6666666666666666,0.6666666666666666,0.75,3.0,0.3333333333333333,276.3333333333333,1245.6666666666667,31-35
34,0.0,Non-Travel,1381,Sales,4,4,Marketing,3,Female,72,3,2,Sales Executive,3,Married,6538,12740,9,No,15,3,1,1,6,3,3,3,2,1,2,28,0.6666666666666666,0.6666666666666666,0.6666666666666666,0.5,1.5,1.0,345.25,2179.3333333333335,31-35
18,0.0,Non-Travel,1124,Research & Development,1,3,Life Sciences,4,Female,97,3,1,Laboratory Technician,4,Single,1611,19305,1,No,15,3,3,0,0,5,4,0,0,0,0,18,0.0,,,,0.0,6.0,1124.0,18711.0,15-25
33,0.0,Travel_Rarely,832,Research & Development,5,4,Life Sciences,3,Female,63,2,1,Research Scientist,4,Married,2911,14776,1,No,13,3,3,1,2,2,2,2,2,0,2,31,2.0,1.0,1.0,1.0,2.0,1.0,166.4,1455.5,31-35
36,1.0,Travel_Rarely,885,Research & Development,16,4,Life Sciences,3,Female,43,4,1,Laboratory Technician,1,Single,2743,8269,1,No,16,3,3,0,18,1,3,17,13,15,14,18,18.0,0.7647058823529411,0.8235294117647058,0.9444444444444444,1.0625,0.058823529411764705,55.3125,161.35294117647058,36-40
34,0.0,Travel_Rarely,182,Research & Development,1,4,Life Sciences,2,Female,72,4,1,Research Scientist,4,Single,3280,13551,2,No,16,3,3,0,10,2,3,4,2,1,3,24,5.0,0.5,0.75,0.4,2.0,0.5,182.0,820.0,31-35
55,0.0,Travel_Rarely,1311,Research & Development,2,3,Life Sciences,3,Female,97,3,4,Manager,4,Single,16659,23258,2,Yes,13,3,3,0,30,2,3,5,4,1,2,25,15.0,0.8,0.4,0.16666666666666666,2.5,0.4,655.5,3331.8,51-65
25,0.0,Travel_Rarely,882,Research & Development,19,1,Medical,4,Male,67,3,1,Laboratory Technician,4,Married,3669,9075,3,No,11,3,3,3,7,6,2,3,2,1,2,18,2.3333333333333335,0.6666666666666666,0.6666666666666666,0.42857142857142855,1.5,2.0,46.421052631578945,1223.0,15-25
30,0.0,Non-Travel,1398,Sales,22,4,Other,3,Female,69,3,3,Sales Executive,1,Married,8412,2890,0,No,11,3,3,0,10,3,3,9,8,7,8,20,40.0,0.8888888888888888,0.8888888888888888,0.9,1.125,0.3333333333333333,63.54545454545455,934.6666666666666,26-30
28,0.0,Travel_Rarely,1300,Research & Development,17,2,Medical,3,Male,79,3,2,Laboratory Technician,1,Divorced,4558,13535,1,No,12,3,4,1,10,2,3,10,0,1,8,18,10.0,0.0,0.8,1.0,5.0,0.2,76.47058823529412,455.8,26-30
42,0.0,Travel_Rarely,265,Sales,5,2,Marketing,4,Male,90,3,5,Manager,3,Married,18303,7770,6,No,13,3,2,0,21,3,4,1,0,0,0,21,3.5,0.0,0.0,0.047619047619047616,1.0,3.0,53.0,18303.0,41-50
48,1.0,Travel_Rarely,626,Research & Development,1,2,Life Sciences,1,Male,98,2,3,Laboratory Technician,3,Single,5381,19294,9,Yes,13,3,4,0,23,2,3,1,0,0,0,25,2.5555555555555554,0.0,0.0,0.043478260869565216,1.0,2.0,626.0,5381.0,41-50
41,0.0,Travel_Rarely,167,Research & Development,12,4,Life Sciences,2,Male,46,3,1,Laboratory Technician,4,Married,4766,9051,3,Yes,11,3,1,1,6,4,3,1,0,0,0,35,2.0,0.0,0.0,0.16666666666666666,1.0,4.0,13.916666666666666,4766.0,41-50
28,0.0,Travel_Rarely,821,Sales,5,4,Medical,1,Male,98,3,2,Sales Executive,4,Single,4908,24252,1,No,14,3,2,0,4,3,3,4,2,0,2,24,4.0,0.5,0.5,1.0,4.0,0.75,164.2,1227.0,26-30
35,0.0,Travel_Rarely,802,Research & Development,10,3,Other,2,Male,45,3,1,Laboratory Technician,4,Divorced,3917,9541,1,No,20,4,1,1,3,4,2,3,2,1,2,32,3.0,0.6666666666666666,0.6666666666666666,1.0,1.5,1.3333333333333333,80.2,1305.6666666666667,31-35
37,0.0,Travel_Rarely,1372,Research & Development,1,3,Life Sciences,4,Female,42,3,1,Research Scientist,4,Single,2115,15881,1,No,12,3,2,0,17,3,3,17,12,5,7,20,17.0,0.7058823529411765,0.4117647058823529,1.0,2.8333333333333335,0.17647058823529413,1372.0,124.41176470588235,36-40
40,0.0,Travel_Rarely,555,Research & Development,2,3,Medical,2,Female,78,2,2,Laboratory Technician,3,Married,3448,13436,6,No,22,4,2,1,20,3,3,1,0,0,0,20,3.3333333333333335,0.0,0.0,0.05,1.0,3.0,277.5,3448.0,36-40
41,0.0,Non-Travel,247,Research & Development,7,1,Life Sciences,2,Female,55,1,5,Research Director,3,Divorced,19973,20284,1,No,22,4,2,2,21,3,3,21,16,5,10,20,21.0,0.7619047619047619,0.47619047619047616,1.0,3.5,0.14285714285714285,35.285714285714285,951.0952380952381,41-50
24,0.0,Travel_Rarely,1371,Sales,10,4,Marketing,4,Female,77,3,2,Sales Executive,3,Divorced,4260,5915,1,Yes,12,3,4,1,5,2,4,5,2,0,3,19,5.0,0.4,0.6,1.0,5.0,0.4,137.1,852.0,15-25
30,0.0,Travel_Frequently,721,Research & Development,1,2,Medical,3,Female,58,3,2,Laboratory Technician,4,Single,4011,10781,1,No,23,4,4,0,12,2,3,12,8,3,7,18,12.0,0.6666666666666666,0.5833333333333334,1.0,3.0,0.16666666666666666,721.0,334.25,26-30
36,0.0,Travel_Rarely,164,Sales,2,2,Medical,2,Male,61,2,3,Sales Executive,3,Married,7596,3809,1,No,13,3,2,2,10,2,3,10,9,9,0,26,10.0,0.9,0.0,1.0,1.0,0.2,82.0,759.6,36-40
53,0.0,Travel_Rarely,1223,Research & Development,7,2,Medical,4,Female,50,3,5,Manager,3,Divorced,18606,18640,3,No,18,3,2,1,26,6,3,7,7,4,7,27,8.666666666666666,1.0,1.0,0.2692307692307692,1.4,0.8571428571428571,174.71428571428572,2658.0,51-65
26,0.0,Travel_Rarely,683,Research & Development,2,1,Medical,1,Male,36,2,1,Research Scientist,4,Single,3904,4050,0,No,12,3,4,0,5,2,3,4,3,1,1,21,40.0,0.75,0.25,0.8,2.0,0.5,341.5,976.0,26-30
27,0.0,Travel_Rarely,591,Research & Development,2,1,Medical,1,Male,40,3,1,Laboratory Technician,2,Married,3468,16632,9,No,12,3,4,1,6,3,3,2,2,2,2,21,0.6666666666666666,1.0,1.0,0.3333333333333333,0.6666666666666666,1.5,295.5,1734.0,26-30
53,0.0,Travel_Rarely,661,Sales,7,2,Marketing,1,Female,78,2,3,Sales Executive,4,Married,10934,20715,7,Yes,18,3,4,1,35,3,3,5,2,0,4,18,5.0,0.4,0.8,0.14285714285714285,5.0,0.6,94.42857142857143,2186.8,51-65
52,0.0,Travel_Rarely,994,Research & Development,7,4,Life Sciences,2,Male,87,3,3,Healthcare Representative,2,Single,10445,15322,7,No,19,3,4,0,18,4,3,8,6,4,0,34,2.5714285714285716,0.75,0.0,0.4444444444444444,1.6,0.5,142.0,1305.625,51-65
29,0.0,Travel_Rarely,1247,Sales,20,2,Marketing,4,Male,45,3,2,Sales Executive,4,Divorced,6931,10732,2,No,14,3,4,1,10,2,3,3,2,0,2,19,5.0,0.6666666666666666,0.6666666666666666,0.3,3.0,0.6666666666666666,62.35,2310.3333333333335,26-30
42,0.0,Travel_Rarely,201,Research & Development,1,4,Life Sciences,2,Female,95,3,1,Laboratory Technician,1,Divorced,2576,20490,3,No,16,3,2,1,8,5,3,5,2,1,2,34,2.6666666666666665,0.4,0.4,0.625,2.5,1.0,201.0,515.2,41-50
30,0.0,Travel_Rarely,413,Sales,7,1,Marketing,4,Male,57,3,1,Sales Representative,2,Single,2983,18398,0,No,14,3,1,0,4,3,3,3,2,1,2,26,40.0,0.6666666666666666,0.6666666666666666,0.75,1.5,1.0,59.0,994.3333333333334,26-30
35,0.0,Travel_Rarely,1232,Sales,16,3,Marketing,3,Male,96,3,3,Sales Executive,2,Married,8020,5100,0,No,15,3,3,2,12,3,2,11,9,6,9,23,40.0,0.8181818181818182,0.8181818181818182,0.9166666666666666,1.5714285714285714,0.2727272727272727,77.0,729.0909090909091,31-35
35,1.0,Travel_Rarely,556,Research & Development,23,2,Life Sciences,2,Male,50,2,2,Manufacturing Director,3,Married,5916,15497,3,Yes,13,3,1,0,8,1,3,1,0,0,1,27,2.6666666666666665,0.0,1.0,0.125,1.0,1.0,24.17391304347826,5916.0,31-35
49,0.0,Non-Travel,1002,Research & Development,18,4,Life Sciences,4,Male,92,3,2,Manufacturing Director,4,Divorced,6804,23793,1,Yes,15,3,1,2,7,0,3,7,7,1,7,42,7.0,1.0,1.0,1.0,3.5,0.0,55.666666666666664,972.0,41-50
26,1.0,Travel_Rarely,1146,Sales,8,3,Technical Degree,4,Male,38,2,2,Sales Executive,1,Single,5326,3064,6,No,17,3,3,0,6,2,2,4,3,1,2,20,1.0,0.75,0.5,0.6666666666666666,2.0,0.5,143.25,1331.5,26-30
32,0.0,Travel_Frequently,1005,Research & Development,2,2,Life Sciences,4,Male,79,3,1,Laboratory Technician,4,Single,3068,11864,0,No,13,3,3,0,8,2,2,7,7,3,6,24,40.0,1.0,0.8571428571428571,0.875,1.75,0.2857142857142857,502.5,438.2857142857143,31-35
30,0.0,Travel_Frequently,1312,Research & Development,23,3,Life Sciences,1,Male,96,1,1,Research Scientist,3,Divorced,2613,22310,1,No,25,4,3,3,10,2,2,10,7,0,9,20,10.0,0.7,0.9,1.0,10.0,0.2,57.04347826086956,261.3,26-30
53,0.0,Travel_Rarely,1070,Research & Development,3,4,Medical,3,Male,45,3,4,Research Director,3,Married,17584,21016,3,Yes,16,3,4,3,21,5,2,5,3,1,3,32,7.0,0.6,0.6,0.23809523809523808,2.5,1.0,356.6666666666667,3516.8,51-65
31,0.0,Travel_Rarely,1463,Research & Development,23,3,Medical,2,Male,64,2,2,Healthcare Representative,4,Married,5582,14408,0,No,21,4,2,1,10,2,3,9,0,7,8,21,40.0,0.0,0.8888888888888888,0.9,1.125,0.2222222222222222,63.608695652173914,620.2222222222222,31-35
27,0.0,Travel_Frequently,472,Research & Development,1,1,Technical Degree,3,Male,60,2,2,Manufacturing Director,1,Married,4298,9679,5,No,19,3,3,1,6,1,3,2,2,2,0,21,1.2,1.0,0.0,0.3333333333333333,0.6666666666666666,0.5,472.0,2149.0,26-30
46,1.0,Travel_Rarely,669,Sales,9,2,Medical,3,Male,64,2,3,Sales Executive,4,Single,9619,13596,1,No,16,3,4,0,9,3,3,9,8,4,7,37,9.0,0.8888888888888888,0.7777777777777778,1.0,1.8,0.3333333333333333,74.33333333333333,1068.7777777777778,41-50
46,0.0,Travel_Rarely,1009,Research & Development,2,3,Life Sciences,1,Male,51,3,4,Research Director,3,Married,17861,2288,6,No,13,3,3,0,26,2,1,3,2,0,1,20,4.333333333333333,0.6666666666666666,0.3333333333333333,0.11538461538461539,3.0,0.6666666666666666,504.5,5953.666666666667,41-50
18,1.0,Travel_Rarely,230,Research & Development,3,3,Life Sciences,3,Male,54,3,1,Laboratory Technician,3,Single,1420,25233,1,No,13,3,3,0,0,2,3,0,0,0,0,18,0.0,,,,0.0,6.0,76.66666666666667,18711.0,15-25
26,1.0,Travel_Frequently,887,Research & Development,5,2,Medical,3,Female,88,2,1,Research Scientist,3,Married,2366,20898,1,Yes,14,3,1,1,8,2,3,8,7,1,7,18,8.0,0.875,0.875,1.0,4.0,0.25,177.4,295.75,26-30
25,1.0,Travel_Rarely,383,Sales,9,2,Life Sciences,1,Male,68,2,1,Sales Representative,1,Married,4400,15182,3,No,12,3,1,0,6,2,3,3,2,2,2,19,2.0,0.6666666666666666,0.6666666666666666,0.5,1.0,0.6666666666666666,42.55555555555556,1466.6666666666667,15-25
48,0.0,Travel_Rarely,1221,Sales,7,3,Marketing,3,Male,96,3,2,Sales Executive,1,Divorced,5486,24795,4,No,11,3,1,3,15,3,3,2,2,2,2,33,3.75,1.0,1.0,0.13333333333333333,0.6666666666666666,1.5,174.42857142857142,2743.0,41-50
44,0.0,Travel_Rarely,986,Research & Development,8,4,Life Sciences,1,Male,62,4,1,Laboratory Technician,4,Married,2818,5044,2,Yes,24,4,3,1,10,2,2,3,2,0,2,34,5.0,0.6666666666666666,0.6666666666666666,0.3,3.0,0.6666666666666666,123.25,939.3333333333334,41-50
31,0.0,Travel_Rarely,182,Research & Development,8,5,Life Sciences,1,Female,93,3,4,Research Director,2,Single,16422,8847,3,No,11,3,3,0,9,3,4,3,2,1,0,22,3.0,0.6666666666666666,0.0,0.3333333333333333,1.5,1.0,22.75,5474.0,31-35
33,0.0,Travel_Frequently,1111,Sales,5,1,Life Sciences,2,Male,61,3,2,Sales Executive,4,Married,9998,19293,6,No,13,3,1,0,8,2,4,5,4,1,2,25,1.3333333333333333,0.8,0.4,0.625,2.5,0.4,222.2,1999.6,31-35
30,0.0,Non-Travel,641,Sales,25,2,Technical Degree,4,Female,85,3,2,Sales Executive,3,Married,4736,6069,7,Yes,12,3,2,1,4,2,4,2,2,2,2,26,0.5714285714285714,1.0,1.0,0.5,0.6666666666666666,1.0,25.64,2368.0,26-30
37,0.0,Travel_Rarely,446,Research & Development,1,4,Life Sciences,2,Female,65,3,2,Manufacturing Director,2,Married,6447,15701,6,No,12,3,2,1,8,2,2,6,5,4,3,29,1.3333333333333333,0.8333333333333334,0.5,0.75,1.2,0.3333333333333333,446.0,1074.5,36-40
29,0.0,Travel_Rarely,665,Research & Development,15,3,Life Sciences,3,Male,60,3,1,Research Scientist,4,Single,2340,22673,1,No,19,3,1,0,6,1,3,6,5,1,5,23,6.0,0.8333333333333334,0.8333333333333334,1.0,3.0,0.16666666666666666,44.333333333333336,390.0,26-30
24,1.0,Travel_Frequently,1287,Research & Development,7,3,Life Sciences,1,Female,55,3,1,Laboratory Technician,3,Married,2886,14168,1,Yes,16,3,4,1,6,4,3,6,3,1,2,18,6.0,0.5,0.3333333333333333,1.0,3.0,0.6666666666666666,183.85714285714286,481.0,15-25
51,0.0,Travel_Rarely,632,Sales,21,4,Marketing,3,Male,71,3,2,Sales Executive,4,Single,5441,8423,0,Yes,22,4,4,0,11,2,1,10,7,1,0,40,40.0,0.7,0.0,0.9090909090909091,5.0,0.2,30.095238095238095,544.1,51-65
45,0.0,Travel_Rarely,1457,Research & Development,7,3,Medical,1,Female,83,3,1,Research Scientist,3,Married,4477,20100,4,Yes,19,3,3,1,7,2,2,3,2,0,2,38,1.75,0.6666666666666666,0.6666666666666666,0.42857142857142855,3.0,0.6666666666666666,208.14285714285714,1492.3333333333333,41-50
44,1.0,Travel_Rarely,621,Research & Development,15,3,Medical,1,Female,73,3,3,Healthcare Representative,4,Married,7978,14075,1,No,11,3,4,1,10,2,3,10,7,0,5,34,10.0,0.7,0.5,1.0,10.0,0.2,41.4,797.8,41-50
40,0.0,Travel_Frequently,791,Research & Development,2,2,Medical,3,Female,38,4,2,Healthcare Representative,2,Married,4244,9931,1,No,24,4,4,1,8,2,3,8,7,3,7,32,8.0,0.875,0.875,1.0,2.0,0.25,395.5,530.5,36-40
34,0.0,Travel_Rarely,1397,Research & Development,1,5,Life Sciences,2,Male,42,3,1,Research Scientist,4,Married,2691,7660,1,No,12,3,4,1,10,4,2,10,9,8,8,24,10.0,0.9,0.8,1.0,1.1111111111111112,0.4,1397.0,269.1,31-35
56,0.0,Travel_Rarely,1255,Research & Development,1,2,Life Sciences,1,Female,90,3,1,Research Scientist,1,Married,2066,10494,2,No,22,4,4,1,5,3,4,3,2,1,0,51,2.5,0.6666666666666666,0.0,0.6,1.5,1.0,1255.0,688.6666666666666,51-65
33,0.0,Travel_Rarely,924,Research & Development,2,3,Medical,3,Male,78,3,1,Laboratory Technician,4,Single,2496,6670,4,No,11,3,4,0,7,3,3,1,1,0,0,26,1.75,1.0,0.0,0.14285714285714285,1.0,3.0,462.0,2496.0,31-35
55,0.0,Non-Travel,177,Research & Development,8,1,Medical,4,Male,37,2,4,Healthcare Representative,2,Divorced,13577,25592,1,Yes,15,3,4,1,34,3,3,33,9,15,0,21,34.0,0.2727272727272727,0.0,0.9705882352941176,2.0625,0.09090909090909091,22.125,411.42424242424244,51-65
46,0.0,Travel_Rarely,406,Sales,3,1,Marketing,1,Male,52,3,4,Manager,3,Married,17465,15596,3,No,12,3,4,1,23,3,3,12,9,4,9,23,7.666666666666667,0.75,0.75,0.5217391304347826,2.4,0.25,135.33333333333334,1455.4166666666667,41-50
27,0.0,Non-Travel,210,Sales,1,1,Marketing,3,Male,73,3,2,Sales Executive,2,Married,6349,22107,0,Yes,13,3,4,1,6,0,3,5,4,1,4,21,40.0,0.8,0.8,0.8333333333333334,2.5,0.0,210.0,1269.8,26-30
45,0.0,Travel_Frequently,364,Research & Development,25,3,Medical,2,Female,83,3,5,Manager,2,Single,18061,13035,3,No,22,4,3,0,22,4,3,0,0,0,0,23,7.333333333333333,,,0.0,0.0,6.0,14.56,18711.0,41-50
55,0.0,Travel_Rarely,1136,Research & Development,1,4,Medical,2,Male,81,4,4,Research Director,4,Divorced,14732,12414,2,No,13,3,4,2,31,4,4,7,7,0,0,24,15.5,1.0,0.0,0.22580645161290322,7.0,0.5714285714285714,1136.0,2104.5714285714284,51-65
27,0.0,Travel_Rarely,1291,Sales,11,3,Medical,3,Female,98,4,1,Sales Representative,4,Married,2534,6527,8,No,14,3,2,1,5,4,3,1,0,0,0,22,0.625,0.0,0.0,0.2,1.0,4.0,117.36363636363636,2534.0,26-30
28,0.0,Travel_Rarely,760,Sales,2,4,Marketing,2,Female,81,3,2,Sales Executive,2,Married,4779,3698,1,Yes,20,4,1,0,8,2,3,8,7,7,5,20,8.0,0.875,0.625,1.0,1.0,0.25,380.0,597.375,26-30
42,0.0,Travel_Rarely,462,Sales,14,2,Medical,3,Female,68,2,2,Sales Executive,3,Single,6244,7824,7,No,17,3,1,0,10,6,3,5,4,0,3,32,1.4285714285714286,0.8,0.6,0.5,5.0,1.2,33.0,1248.8,41-50
29,1.0,Travel_Rarely,992,Research & Development,1,3,Technical Degree,3,Male,85,3,1,Research Scientist,3,Single,2058,19757,0,No,14,3,4,0,7,1,2,6,2,1,5,22,40.0,0.3333333333333333,0.8333333333333334,0.8571428571428571,3.0,0.16666666666666666,992.0,343.0,26-30
29,0.0,Travel_Rarely,942,Research & Development,15,1,Life Sciences,2,Female,69,1,1,Research Scientist,4,Married,2168,26933,0,Yes,18,3,1,1,6,2,2,5,4,1,3,23,40.0,0.8,0.6,0.8333333333333334,2.5,0.4,62.8,433.6,26-30
47,0.0,Travel_Rarely,703,Sales,14,4,Marketing,4,Male,42,3,2,Sales Executive,1,Single,4960,11825,2,No,12,3,4,0,20,2,3,7,7,1,7,27,10.0,1.0,1.0,0.35,3.5,0.2857142857142857,50.214285714285715,708.5714285714286,41-50
32,0.0,Travel_Frequently,116,Research & Development,13,3,Other,3,Female,77,2,1,Laboratory Technician,2,Married,2743,7331,1,No,20,4,3,1,2,2,3,2,2,2,2,30,2.0,1.0,1.0,1.0,0.6666666666666666,1.0,8.923076923076923,1371.5,31-35
24,1.0,Travel_Rarely,1448,Sales,1,1,Technical Degree,1,Female,62,3,1,Sales Representative,2,Single,3202,21972,1,Yes,16,3,2,0,6,4,3,5,3,1,4,18,6.0,0.6,0.8,0.8333333333333334,2.5,0.8,1448.0,640.4,15-25
34,0.0,Travel_Rarely,404,Research & Development,2,4,Technical Degree,3,Female,98,3,2,Healthcare Representative,4,Single,6687,6163,1,No,11,3,4,0,14,2,4,14,11,4,11,20,14.0,0.7857142857142857,0.7857142857142857,1.0,2.8,0.14285714285714285,202.0,477.64285714285717,31-35
37,0.0,Travel_Rarely,799,Research & Development,1,3,Technical Degree,2,Female,59,3,3,Manufacturing Director,4,Single,7491,23848,4,No,17,3,4,0,12,3,4,6,5,1,2,25,3.0,0.8333333333333334,0.3333333333333333,0.5,3.0,0.5,799.0,1248.5,36-40
32,0.0,Non-Travel,976,Sales,26,4,Marketing,3,Male,100,3,2,Sales Executive,4,Married,4465,12069,0,No,18,3,1,0,4,2,3,3,2,2,2,28,40.0,0.6666666666666666,0.6666666666666666,0.75,1.0,0.6666666666666666,37.53846153846154,1488.3333333333333,31-35
27,0.0,Travel_Rarely,1130,Sales,8,4,Marketing,2,Female,56,3,2,Sales Executive,2,Married,6214,3415,1,No,18,3,1,1,8,3,3,8,7,0,7,19,8.0,0.875,0.875,1.0,8.0,0.375,141.25,776.75,26-30
42,0.0,Travel_Rarely,269,Research & Development,2,3,Medical,4,Female,56,2,1,Laboratory Technician,1,Divorced,2593,8007,0,Yes,11,3,3,1,10,4,3,9,6,7,8,32,40.0,0.6666666666666666,0.8888888888888888,0.9,1.125,0.4444444444444444,134.5,288.1111111111111,41-50
38,0.0,Travel_Rarely,243,Sales,7,4,Marketing,4,Female,46,2,2,Sales Executive,4,Single,4028,7791,0,No,20,4,1,0,8,2,3,7,7,0,5,30,40.0,1.0,0.7142857142857143,0.875,7.0,0.2857142857142857,34.714285714285715,575.4285714285714,36-40
49,0.0,Travel_Rarely,1091,Research & Development,1,2,Technical Degree,3,Female,90,2,4,Healthcare Representative,3,Single,13964,17810,7,Yes,12,3,4,0,25,2,3,7,1,0,7,24,3.5714285714285716,0.14285714285714285,1.0,0.28,7.0,0.2857142857142857,1091.0,1994.857142857143,41-50
34,0.0,Travel_Rarely,216,Sales,1,4,Marketing,2,Male,75,4,2,Sales Executive,4,Divorced,9725,12278,0,No,11,3,4,1,16,2,2,15,1,0,9,18,40.0,0.06666666666666667,0.6,0.9375,15.0,0.13333333333333333,216.0,648.3333333333334,31-35
40,0.0,Travel_Frequently,580,Sales,5,4,Life Sciences,4,Male,48,2,3,Sales Executive,1,Married,10475,23772,5,Yes,21,4,3,1,20,2,3,18,13,1,12,20,4.0,0.7222222222222222,0.6666666666666666,0.9,9.0,0.1111111111111111,116.0,581.9444444444445,36-40
38,0.0,Travel_Frequently,1490,Research & Development,2,2,Life Sciences,4,Male,42,3,1,Laboratory Technician,4,Married,1702,12106,1,Yes,23,4,3,1,1,3,3,1,0,0,0,37,1.0,0.0,0.0,1.0,1.0,3.0,745.0,1702.0,36-40
27,0.0,Non-Travel,443,Research & Development,3,3,Medical,4,Male,50,3,1,Research Scientist,4,Married,1706,16571,1,No,11,3,3,3,0,6,2,0,0,0,0,27,0.0,,,,0.0,6.0,147.66666666666666,18711.0,26-30
38,0.0,Non-Travel,1327,Sales,2,2,Life Sciences,4,Male,39,2,2,Sales Executive,4,Married,5249,19682,3,No,18,3,4,1,13,0,3,8,7,7,5,25,4.333333333333333,0.875,0.625,0.6153846153846154,1.0,0.0,663.5,656.125,36-40
47,0.0,Travel_Rarely,1482,Research & Development,5,5,Life Sciences,4,Male,42,3,5,Research Director,3,Married,18300,16375,4,No,11,3,2,1,21,2,3,3,2,1,1,26,5.25,0.6666666666666666,0.3333333333333333,0.14285714285714285,1.5,0.6666666666666666,296.4,6100.0,41-50
38,0.0,Travel_Rarely,1084,Research & Development,29,3,Technical Degree,4,Male,54,3,2,Manufacturing Director,4,Married,6261,4185,3,No,18,3,1,1,9,3,1,7,7,1,7,29,3.0,1.0,1.0,0.7777777777777778,3.5,0.42857142857142855,37.37931034482759,894.4285714285714,36-40
30,0.0,Travel_Rarely,438,Research & Development,18,3,Life Sciences,1,Female,75,3,1,Research Scientist,3,Single,2632,23910,1,No,14,3,3,0,5,4,2,5,4,0,4,25,5.0,0.8,0.8,1.0,5.0,0.8,24.333333333333332,526.4,26-30
28,0.0,Travel_Frequently,773,Research & Development,6,3,Life Sciences,3,Male,39,2,1,Research Scientist,3,Divorced,2703,22088,1,Yes,14,3,4,1,3,2,3,3,1,0,2,25,3.0,0.3333333333333333,0.6666666666666666,1.0,3.0,0.6666666666666666,128.83333333333334,901.0,26-30
27,0.0,Travel_Rarely,798,Research & Development,6,4,Medical,1,Female,66,2,1,Research Scientist,3,Divorced,2187,5013,0,No,12,3,3,2,6,5,2,5,3,0,3,21,40.0,0.6,0.6,0.8333333333333334,5.0,1.0,133.0,437.4,26-30
46,0.0,Travel_Rarely,991,Human Resources,1,2,Life Sciences,4,Female,44,3,1,Human Resources,1,Single,3423,22957,6,No,12,3,3,0,10,3,4,7,6,5,7,36,1.6666666666666667,0.8571428571428571,1.0,0.7,1.1666666666666667,0.42857142857142855,991.0,489.0,41-50
40,1.0,Non-Travel,1479,Sales,24,3,Life Sciences,2,Female,100,4,4,Sales Executive,2,Single,13194,17071,4,Yes,16,3,4,0,22,2,2,1,0,0,0,18,5.5,0.0,0.0,0.045454545454545456,1.0,2.0,61.625,13194.0,36-40
55,0.0,Travel_Rarely,282,Research & Development,2,2,Medical,4,Female,58,1,5,Manager,3,Married,19187,6992,4,No,14,3,4,1,23,5,3,19,9,9,11,32,5.75,0.47368421052631576,0.5789473684210527,0.8260869565217391,1.9,0.2631578947368421,141.0,1009.8421052631579,51-65
26,0.0,Travel_Rarely,1349,Research & Development,23,3,Life Sciences,1,Female,90,3,1,Research Scientist,4,Divorced,2886,3032,1,No,22,4,2,2,3,3,1,3,2,0,2,23,3.0,0.6666666666666666,0.6666666666666666,1.0,3.0,1.0,58.65217391304348,962.0,26-30
35,0.0,Travel_Frequently,636,Research & Development,4,4,Other,4,Male,47,2,1,Laboratory Technician,4,Married,2376,26537,1,No,13,3,2,1,2,2,4,2,2,2,2,33,2.0,1.0,1.0,1.0,0.6666666666666666,1.0,159.0,1188.0,31-35
42,0.0,Travel_Rarely,622,Research & Development,2,4,Life Sciences,3,Female,81,3,2,Healthcare Representative,4,Married,4089,5718,1,No,13,3,2,2,10,4,3,10,2,2,2,32,10.0,0.2,0.2,1.0,3.3333333333333335,0.4,311.0,408.9,41-50
40,0.0,Travel_Rarely,107,Sales,10,3,Technical Degree,2,Female,84,2,2,Sales Executive,2,Divorced,6852,11591,7,No,12,3,2,1,7,2,4,5,1,1,3,33,1.0,0.2,0.6,0.7142857142857143,2.5,0.4,10.7,1370.4,36-40
19,0.0,Travel_Rarely,1181,Research & Development,3,1,Medical,2,Female,79,3,1,Laboratory Technician,2,Single,1483,16102,1,No,14,3,4,0,1,3,3,1,0,0,0,18,1.0,0.0,0.0,1.0,1.0,3.0,393.6666666666667,1483.0,15-25
39,1.0,Non-Travel,592,Research & Development,2,3,Life Sciences,1,Female,54,2,1,Laboratory Technician,1,Single,3646,17181,2,Yes,23,4,2,0,11,2,4,1,0,0,0,28,5.5,0.0,0.0,0.09090909090909091,1.0,2.0,296.0,3646.0,36-40
49,0.0,Travel_Rarely,1490,Research & Development,7,4,Life Sciences,3,Male,35,3,3,Healthcare Representative,2,Divorced,10466,20948,3,No,14,3,2,2,29,3,3,8,7,0,7,20,9.666666666666666,0.875,0.875,0.27586206896551724,8.0,0.375,212.85714285714286,1308.25,41-50
20,0.0,Travel_Rarely,959,Research & Development,1,3,Life Sciences,4,Female,83,2,1,Research Scientist,2,Single,2836,11757,1,No,13,3,4,0,1,0,4,1,0,0,0,19,1.0,0.0,0.0,1.0,1.0,0.0,959.0,2836.0,15-25
32,0.0,Travel_Rarely,906,Sales,7,3,Life Sciences,4,Male,91,2,2,Sales Executive,3,Married,5484,16985,1,No,14,3,3,1,13,3,2,13,8,4,8,19,13.0,0.6153846153846154,0.6153846153846154,1.0,2.6,0.23076923076923078,129.42857142857142,421.84615384615387,31-35
36,0.0,Non-Travel,635,Sales,10,4,Medical,2,Male,32,3,3,Sales Executive,4,Single,9980,15318,1,No,14,3,4,0,10,3,2,10,3,9,7,26,10.0,0.3,0.7,1.0,1.0,0.3,63.5,998.0,36-40
43,0.0,Travel_Frequently,394,Sales,26,2,Life Sciences,3,Male,92,3,4,Manager,4,Married,16959,19494,1,Yes,12,3,4,2,25,3,4,25,12,4,12,18,25.0,0.48,0.48,1.0,5.0,0.12,15.153846153846153,678.36,41-50
26,0.0,Travel_Frequently,575,Research & Development,1,2,Life Sciences,1,Female,71,1,1,Laboratory Technician,4,Divorced,4364,5288,3,No,14,3,1,1,5,2,3,2,2,2,0,21,1.6666666666666667,1.0,0.0,0.4,0.6666666666666666,1.0,575.0,2182.0,26-30
27,1.0,Travel_Rarely,1420,Sales,2,1,Marketing,3,Male,85,3,1,Sales Representative,1,Divorced,3041,16346,0,No,11,3,2,1,5,3,3,4,3,0,2,22,40.0,0.75,0.5,0.8,4.0,0.75,710.0,760.25,26-30
42,0.0,Travel_Frequently,1474,Research & Development,5,2,Other,2,Male,97,3,1,Laboratory Technician,3,Married,2093,9260,4,No,17,3,4,1,8,4,3,2,2,2,0,34,2.0,1.0,0.0,0.25,0.6666666666666666,2.0,294.8,1046.5,41-50
34,0.0,Travel_Rarely,1326,Sales,3,3,Other,4,Male,81,1,2,Sales Executive,1,Single,4759,15891,3,No,18,3,4,0,15,2,3,13,9,3,12,19,5.0,0.6923076923076923,0.9230769230769231,0.8666666666666667,3.25,0.15384615384615385,442.0,366.0769230769231,31-35
55,1.0,Travel_Rarely,267,Sales,13,4,Marketing,1,Male,85,4,4,Sales Executive,3,Single,13695,9277,6,Yes,17,3,3,0,24,2,2,19,7,3,8,31,4.0,0.3684210526315789,0.42105263157894735,0.7916666666666666,4.75,0.10526315789473684,20.53846153846154,720.7894736842105,51-65
42,0.0,Travel_Rarely,1265,Research & Development,3,3,Life Sciences,3,Female,95,4,2,Laboratory Technician,4,Married,5231,23726,2,Yes,13,3,2,1,17,1,2,5,3,1,3,25,8.5,0.6,0.6,0.29411764705882354,2.5,0.2,421.6666666666667,1046.2,41-50
33,0.0,Travel_Frequently,970,Sales,7,3,Life Sciences,4,Female,30,3,2,Sales Executive,2,Married,4302,13401,0,No,17,3,3,1,4,3,3,3,2,0,2,29,40.0,0.6666666666666666,0.6666666666666666,0.75,3.0,1.0,138.57142857142858,1434.0,31-35
30,0.0,Travel_Rarely,1358,Research & Development,24,1,Life Sciences,4,Male,67,3,1,Laboratory Technician,3,Divorced,2693,13335,1,No,22,4,2,1,1,2,3,1,0,0,0,29,1.0,0.0,0.0,1.0,1.0,2.0,56.583333333333336,2693.0,26-30
35,0.0,Travel_Rarely,982,Research & Development,1,4,Medical,4,Male,58,2,1,Laboratory Technician,3,Married,2258,16340,6,No,12,3,2,1,10,2,3,8,0,1,7,25,1.6666666666666667,0.0,0.875,0.8,4.0,0.25,982.0,282.25,31-35
42,0.0,Travel_Rarely,647,Sales,4,4,Marketing,2,Male,45,3,2,Sales Executive,1,Single,5155,2253,7,No,13,3,4,0,9,3,4,6,4,1,5,33,1.2857142857142858,0.6666666666666666,0.8333333333333334,0.6666666666666666,3.0,0.5,161.75,859.1666666666666,41-50
40,0.0,Travel_Frequently,1469,Research & Development,9,4,Medical,4,Male,35,3,1,Research Scientist,2,Divorced,3617,25063,8,Yes,14,3,4,1,3,2,3,1,1,0,0,37,0.375,1.0,0.0,0.3333333333333333,1.0,2.0,163.22222222222223,3617.0,36-40
34,0.0,Travel_Rarely,304,Sales,2,3,Other,4,Male,60,3,2,Sales Executive,4,Single,6274,18686,1,No,22,4,3,0,6,5,3,6,5,1,4,28,6.0,0.8333333333333334,0.6666666666666666,1.0,3.0,0.8333333333333334,152.0,1045.6666666666667,31-35
50,0.0,Travel_Rarely,1099,Research & Development,29,4,Life Sciences,2,Male,88,2,4,Manager,3,Married,17046,9314,0,No,15,3,2,1,28,2,3,27,10,15,7,22,40.0,0.37037037037037035,0.25925925925925924,0.9642857142857143,1.6875,0.07407407407407407,37.89655172413793,631.3333333333334,41-50
45,0.0,Travel_Rarely,1316,Research & Development,29,3,Medical,3,Male,83,3,1,Research Scientist,4,Single,3452,9752,5,No,13,3,2,0,9,2,2,6,5,0,3,36,1.8,0.8333333333333334,0.5,0.6666666666666666,6.0,0.3333333333333333,45.37931034482759,575.3333333333334,41-50
21,1.0,Travel_Rarely,156,Sales,12,3,Life Sciences,3,Female,90,4,1,Sales Representative,2,Single,2716,25422,1,No,15,3,4,0,1,0,3,1,0,0,0,20,1.0,0.0,0.0,1.0,1.0,0.0,13.0,2716.0,15-25
37,0.0,Travel_Rarely,1017,Research & Development,1,2,Medical,3,Female,83,2,1,Research Scientist,1,Married,3920,18697,2,No,14,3,1,1,17,2,2,3,1,0,2,20,8.5,0.3333333333333333,0.6666666666666666,0.17647058823529413,3.0,0.6666666666666666,1017.0,1306.6666666666667,36-40
33,0.0,Travel_Frequently,508,Sales,10,3,Marketing,2,Male,46,2,2,Sales Executive,4,Single,4682,4317,3,No,14,3,3,0,9,6,2,7,7,0,1,24,3.0,1.0,0.14285714285714285,0.7777777777777778,7.0,0.8571428571428571,50.8,668.8571428571429,31-35
47,0.0,Travel_Rarely,202,Research & Development,2,2,Other,3,Female,33,3,4,Manager,4,Married,16752,12982,1,Yes,11,3,3,1,26,3,2,26,14,3,0,21,26.0,0.5384615384615384,0.0,1.0,6.5,0.11538461538461539,101.0,644.3076923076923,41-50
30,1.0,Travel_Frequently,448,Sales,12,4,Life Sciences,2,Male,74,2,1,Sales Representative,1,Married,2033,14470,1,No,18,3,3,1,1,2,4,1,0,0,0,29,1.0,0.0,0.0,1.0,1.0,2.0,37.333333333333336,2033.0,26-30
27,0.0,Travel_Rarely,608,Research & Development,1,2,Life Sciences,3,Female,68,3,3,Manufacturing Director,1,Married,7412,6009,1,No,11,3,4,0,9,3,3,9,7,0,7,18,9.0,0.7777777777777778,0.7777777777777778,1.0,9.0,0.3333333333333333,608.0,823.5555555555555,26-30
50,0.0,Non-Travel,881,Research & Development,2,4,Life Sciences,1,Male,98,3,4,Manager,1,Divorced,17924,4544,1,No,11,3,4,1,31,3,3,31,6,14,7,19,31.0,0.1935483870967742,0.22580645161290322,1.0,2.066666666666667,0.0967741935483871,440.5,578.1935483870968,41-50
29,1.0,Travel_Rarely,805,Research & Development,1,2,Life Sciences,2,Female,36,2,1,Laboratory Technician,1,Married,2319,6689,1,Yes,11,3,4,1,1,1,3,1,0,0,0,28,1.0,0.0,0.0,1.0,1.0,1.0,805.0,2319.0,26-30
36,0.0,Travel_Rarely,329,Sales,16,4,Marketing,3,Female,98,2,2,Sales Executive,1,Married,5647,13494,4,No,13,3,1,2,11,3,2,3,2,0,2,25,2.75,0.6666666666666666,0.6666666666666666,0.2727272727272727,3.0,1.0,20.5625,1882.3333333333333,36-40
45,0.0,Travel_Rarely,1339,Research & Development,7,3,Life Sciences,2,Male,59,3,3,Research Scientist,1,Divorced,9724,18787,2,No,17,3,3,1,25,2,3,1,0,0,0,20,12.5,0.0,0.0,0.04,1.0,2.0,191.28571428571428,9724.0,41-50
50,1.0,Travel_Frequently,562,Sales,8,2,Technical Degree,2,Male,50,3,2,Sales Executive,3,Married,6796,23452,3,Yes,14,3,1,1,18,4,3,4,3,1,3,32,6.0,0.75,0.75,0.2222222222222222,2.0,1.0,70.25,1699.0,41-50
33,0.0,Travel_Frequently,827,Research & Development,1,4,Other,3,Female,84,4,2,Healthcare Representative,2,Married,5488,20161,1,Yes,13,3,1,1,6,2,3,6,5,1,2,27,6.0,0.8333333333333334,0.3333333333333333,1.0,3.0,0.3333333333333333,827.0,914.6666666666666,31-35
46,0.0,Travel_Rarely,150,Research & Development,2,4,Technical Degree,4,Male,60,3,2,Manufacturing Director,4,Divorced,7379,17433,2,No,11,3,3,1,12,3,2,6,3,1,4,34,6.0,0.5,0.6666666666666666,0.5,3.0,0.5,75.0,1229.8333333333333,41-50
54,0.0,Travel_Rarely,397,Human Resources,19,4,Medical,3,Male,88,3,3,Human Resources,2,Married,10725,6729,2,No,15,3,3,1,16,1,4,9,7,7,1,38,8.0,0.7777777777777778,0.1111111111111111,0.5625,1.125,0.1111111111111111,20.894736842105264,1191.6666666666667,51-65
47,0.0,Travel_Rarely,249,Sales,2,2,Marketing,3,Female,35,3,2,Sales Executive,4,Married,4537,17783,0,Yes,22,4,1,1,8,2,3,7,6,7,7,39,40.0,0.8571428571428571,1.0,0.875,0.875,0.2857142857142857,124.5,648.1428571428571,41-50
33,0.0,Travel_Rarely,1216,Sales,8,4,Marketing,3,Male,39,3,2,Sales Executive,3,Divorced,7104,20431,0,No,12,3,4,0,6,3,3,5,0,1,2,27,40.0,0.0,0.4,0.8333333333333334,2.5,0.6,152.0,1420.8,31-35
35,0.0,Travel_Rarely,607,Research & Development,9,3,Life Sciences,4,Female,66,2,3,Manufacturing Director,3,Married,10685,23457,1,Yes,20,4,2,1,17,2,3,17,14,5,15,18,17.0,0.8235294117647058,0.8823529411764706,1.0,2.8333333333333335,0.11764705882352941,67.44444444444444,628.5294117647059,31-35
39,0.0,Non-Travel,439,Research & Development,9,3,Life Sciences,3,Male,70,3,2,Laboratory Technician,2,Single,6782,8770,9,No,15,3,3,0,9,2,2,5,4,0,3,30,1.0,0.8,0.6,0.5555555555555556,5.0,0.4,48.77777777777778,1356.4,36-40
38,0.0,Travel_Rarely,688,Research & Development,23,4,Life Sciences,4,Male,82,3,2,Healthcare Representative,4,Divorced,5745,18899,9,No,14,3,2,1,10,2,3,2,2,1,2,28,1.1111111111111112,1.0,1.0,0.2,1.0,1.0,29.91304347826087,2872.5,36-40
54,0.0,Travel_Rarely,1082,Sales,2,4,Life Sciences,3,Female,41,2,3,Sales Executive,3,Married,10686,8392,6,No,11,3,2,1,13,4,3,9,4,7,0,41,2.1666666666666665,0.4444444444444444,0.0,0.6923076923076923,1.125,0.4444444444444444,541.0,1187.3333333333333,51-65
37,0.0,Travel_Rarely,1305,Research & Development,10,4,Life Sciences,3,Male,49,3,2,Manufacturing Director,2,Single,4197,21123,2,Yes,12,3,4,0,18,2,2,1,0,0,1,19,9.0,0.0,1.0,0.05555555555555555,1.0,2.0,130.5,4197.0,36-40
20,0.0,Travel_Rarely,805,Research & Development,3,3,Life Sciences,1,Male,87,2,1,Laboratory Technician,3,Single,3033,12828,1,No,12,3,1,0,2,2,2,2,2,1,2,18,2.0,1.0,1.0,1.0,1.0,1.0,268.3333333333333,1516.5,15-25
40,0.0,Travel_Frequently,720,Research & Development,16,4,Medical,1,Male,51,2,2,Laboratory Technician,3,Single,5094,11983,6,No,14,3,4,0,10,6,3,1,0,0,0,30,1.6666666666666667,0.0,0.0,0.1,1.0,6.0,45.0,5094.0,36-40
51,0.0,Travel_Frequently,237,Sales,9,3,Life Sciences,4,Male,83,3,5,Manager,2,Divorced,19847,19196,4,Yes,24,4,1,1,31,5,2,29,10,11,10,20,7.75,0.3448275862068966,0.3448275862068966,0.9354838709677419,2.4166666666666665,0.1724137931034483,26.333333333333332,684.3793103448276,51-65
34,1.0,Travel_Frequently,658,Research & Development,7,3,Life Sciences,1,Male,66,1,2,Laboratory Technician,3,Single,6074,22887,1,Yes,24,4,4,0,9,3,3,9,7,0,6,25,9.0,0.7777777777777778,0.6666666666666666,1.0,9.0,0.3333333333333333,94.0,674.8888888888889,31-35
34,0.0,Travel_Rarely,401,Research & Development,1,3,Life Sciences,4,Female,86,2,1,Laboratory Technician,2,Married,3294,3708,5,No,17,3,1,1,7,2,2,5,4,0,2,27,1.4,0.8,0.4,0.7142857142857143,5.0,0.4,401.0,658.8,31-35
42,0.0,Travel_Rarely,319,Research & Development,24,3,Medical,4,Male,56,3,3,Manufacturing Director,1,Married,7406,6950,1,Yes,21,4,4,1,10,5,2,10,9,5,8,32,10.0,0.9,0.8,1.0,1.6666666666666667,0.5,13.291666666666666,740.6,41-50
30,0.0,Non-Travel,990,Research & Development,7,3,Technical Degree,3,Male,64,3,1,Research Scientist,3,Divorced,1274,7152,1,No,13,3,2,2,1,2,2,1,0,0,0,29,1.0,0.0,0.0,1.0,1.0,2.0,141.42857142857142,1274.0,26-30
50,0.0,Travel_Rarely,1452,Research & Development,11,3,Life Sciences,3,Female,53,3,5,Manager,2,Single,19926,17053,3,No,15,3,2,0,21,5,3,5,4,4,4,29,7.0,0.8,0.8,0.23809523809523808,1.0,1.0,132.0,3985.2,41-50
31,0.0,Travel_Rarely,1082,Research & Development,1,4,Medical,3,Male,87,3,1,Research Scientist,2,Single,2501,18775,1,No,17,3,2,0,1,4,3,1,1,1,0,30,1.0,1.0,0.0,1.0,0.5,4.0,1082.0,2501.0,31-35
41,0.0,Travel_Frequently,1200,Research & Development,22,3,Life Sciences,4,Female,75,3,2,Research Scientist,4,Divorced,5467,13953,3,Yes,14,3,1,2,12,4,2,6,2,3,3,29,4.0,0.3333333333333333,0.5,0.5,1.5,0.6666666666666666,54.54545454545455,911.1666666666666,41-50
41,0.0,Travel_Frequently,857,Research & Development,10,3,Life Sciences,4,Male,91,2,4,Manager,1,Divorced,17181,12888,4,No,13,3,2,1,21,2,2,7,6,7,7,20,5.25,0.8571428571428571,1.0,0.3333333333333333,0.875,0.2857142857142857,85.7,2454.4285714285716,41-50
52,0.0,Travel_Rarely,1053,Research & Development,1,2,Life Sciences,4,Male,70,3,4,Manager,4,Married,17099,13829,2,No,15,3,2,1,26,2,2,9,8,7,8,26,13.0,0.8888888888888888,0.8888888888888888,0.34615384615384615,1.125,0.2222222222222222,1053.0,1899.888888888889,51-65
40,0.0,Travel_Rarely,523,Research & Development,2,3,Life Sciences,3,Male,98,3,2,Research Scientist,4,Single,4661,22455,1,No,13,3,3,0,9,4,3,9,8,8,8,31,9.0,0.8888888888888888,0.8888888888888888,1.0,1.0,0.4444444444444444,261.5,517.8888888888889,36-40
49,0.0,Travel_Frequently,636,Research & Development,10,4,Life Sciences,3,Female,35,3,5,Research Director,1,Single,18665,25594,9,Yes,11,3,4,0,22,4,3,3,2,1,2,27,2.4444444444444446,0.6666666666666666,0.6666666666666666,0.13636363636363635,1.5,1.3333333333333333,63.6,6221.666666666667,41-50
27,0.0,Travel_Rarely,205,Sales,10,3,Marketing,4,Female,98,2,2,Sales Executive,4,Married,5769,7100,1,Yes,11,3,4,0,6,3,3,6,2,4,4,21,6.0,0.3333333333333333,0.6666666666666666,1.0,1.2,0.5,20.5,961.5,26-30
38,0.0,Travel_Rarely,371,Research & Development,2,3,Life Sciences,4,Male,45,3,1,Research Scientist,4,Single,3944,4306,5,Yes,11,3,3,0,6,3,3,3,2,1,2,32,1.2,0.6666666666666666,0.6666666666666666,0.5,1.5,1.0,185.5,1314.6666666666667,36-40
51,0.0,Travel_Frequently,541,Sales,2,3,Marketing,2,Male,52,3,3,Sales Executive,2,Married,10596,15395,2,No,11,3,2,0,14,5,3,4,2,3,2,37,7.0,0.5,0.5,0.2857142857142857,1.0,1.25,270.5,2649.0,51-65
40,0.0,Travel_Rarely,896,Research & Development,2,3,Medical,3,Male,68,3,1,Research Scientist,3,Divorced,2345,8045,2,No,14,3,3,1,8,3,4,3,1,1,2,32,4.0,0.3333333333333333,0.6666666666666666,0.375,1.5,1.0,448.0,781.6666666666666,36-40
29,0.0,Travel_Rarely,1401,Research & Development,6,1,Medical,2,Female,54,3,1,Laboratory Technician,4,Married,3131,26342,1,No,13,3,1,1,10,5,3,10,8,0,8,19,10.0,0.8,0.8,1.0,10.0,0.5,233.5,313.1,26-30
40,0.0,Travel_Rarely,658,Sales,10,4,Marketing,1,Male,67,2,3,Sales Executive,2,Divorced,9705,20652,2,No,12,3,2,1,11,2,2,1,0,0,0,29,5.5,0.0,0.0,0.09090909090909091,1.0,2.0,65.8,9705.0,36-40
30,0.0,Travel_Rarely,317,Research & Development,2,3,Life Sciences,3,Female,43,1,2,Manufacturing Director,4,Single,6091,24793,2,No,20,4,3,0,11,2,3,5,4,0,2,19,5.5,0.8,0.4,0.45454545454545453,5.0,0.4,158.5,1218.2,26-30
29,0.0,Travel_Rarely,232,Research & Development,19,3,Technical Degree,4,Male,34,3,2,Manufacturing Director,4,Divorced,4262,22645,4,No,12,3,2,2,8,2,4,3,2,1,2,21,2.0,0.6666666666666666,0.6666666666666666,0.375,1.5,0.6666666666666666,12.210526315789474,1420.6666666666667,26-30
35,0.0,Travel_Rarely,662,Sales,1,5,Marketing,3,Male,94,3,3,Sales Executive,2,Married,7295,11439,1,No,13,3,1,2,10,3,3,10,8,0,6,25,10.0,0.8,0.6,1.0,10.0,0.3,662.0,729.5,31-35
45,0.0,Travel_Rarely,1234,Sales,11,2,Life Sciences,4,Female,90,3,4,Manager,4,Married,17650,5404,3,No,13,3,2,1,26,4,4,9,3,1,1,19,8.666666666666666,0.3333333333333333,0.1111111111111111,0.34615384615384615,4.5,0.4444444444444444,112.18181818181819,1961.111111111111,41-50
43,0.0,Travel_Frequently,1082,Research & Development,27,3,Life Sciences,3,Female,83,3,3,Manufacturing Director,1,Married,10820,11535,8,No,11,3,3,1,18,1,3,8,7,0,1,25,2.25,0.875,0.125,0.4444444444444444,8.0,0.125,40.074074074074076,1352.5,41-50
47,0.0,Travel_Rarely,359,Research & Development,2,4,Medical,1,Female,82,3,4,Research Director,3,Married,17169,26703,3,No,19,3,2,2,26,2,4,20,17,5,6,21,8.666666666666666,0.85,0.3,0.7692307692307693,3.3333333333333335,0.1,179.5,858.45,41-50
51,0.0,Travel_Rarely,1405,Research & Development,11,2,Technical Degree,4,Female,82,2,4,Manufacturing Director,2,Single,13142,24439,3,No,16,3,2,0,29,1,2,5,2,0,3,22,9.666666666666666,0.4,0.6,0.1724137931034483,5.0,0.2,127.72727272727273,2628.4,51-65
46,0.0,Travel_Rarely,566,Research & Development,7,2,Medical,4,Male,75,3,3,Manufacturing Director,3,Divorced,10845,24208,6,No,13,3,2,1,13,3,3,8,7,0,7,33,2.1666666666666665,0.875,0.875,0.6153846153846154,8.0,0.375,80.85714285714286,1355.625,41-50
44,1.0,Travel_Rarely,1376,Human Resources,1,2,Medical,2,Male,91,2,3,Human Resources,1,Married,10482,2326,9,No,14,3,4,1,24,1,3,20,6,3,6,20,2.6666666666666665,0.3,0.3,0.8333333333333334,5.0,0.05,1376.0,524.1,41-50
29,0.0,Travel_Rarely,694,Research & Development,1,3,Life Sciences,4,Female,87,2,4,Research Director,4,Divorced,16124,3423,3,No,14,3,2,2,9,2,2,7,7,1,7,20,3.0,1.0,1.0,0.7777777777777778,3.5,0.2857142857142857,694.0,2303.4285714285716,26-30
46,0.0,Travel_Rarely,526,Sales,1,2,Marketing,2,Female,92,3,3,Sales Executive,1,Divorced,10453,2137,1,No,25,4,3,3,24,2,3,24,13,15,7,22,24.0,0.5416666666666666,0.2916666666666667,1.0,1.5,0.08333333333333333,526.0,435.5416666666667,41-50
29,1.0,Travel_Rarely,341,Sales,1,3,Medical,2,Female,48,2,1,Sales Representative,3,Divorced,2800,23522,6,Yes,19,3,3,3,5,3,3,3,2,0,2,24,0.8333333333333334,0.6666666666666666,0.6666666666666666,0.6,3.0,1.0,341.0,933.3333333333334,26-30
40,0.0,Travel_Rarely,759,Sales,2,2,Marketing,4,Female,46,3,2,Sales Executive,2,Divorced,5715,22553,7,No,12,3,3,2,8,5,3,5,4,1,3,32,1.1428571428571428,0.8,0.6,0.625,2.5,1.0,379.5,1143.0,36-40
30,1.0,Travel_Frequently,334,Sales,26,4,Marketing,3,Female,52,2,2,Sales Executive,1,Single,6696,22967,5,No,15,3,3,0,9,5,2,6,3,0,1,21,1.8,0.5,0.16666666666666666,0.6666666666666666,6.0,0.8333333333333334,12.846153846153847,1116.0,26-30
42,0.0,Travel_Rarely,932,Research & Development,1,2,Life Sciences,4,Female,43,2,2,Manufacturing Director,4,Married,6062,4051,9,Yes,13,3,4,1,8,4,3,4,3,0,2,34,0.8888888888888888,0.75,0.5,0.5,4.0,1.0,932.0,1515.5,41-50
41,0.0,Non-Travel,509,Research & Development,2,4,Other,1,Female,62,2,2,Healthcare Representative,3,Single,6811,2112,2,Yes,17,3,1,0,10,3,3,8,7,0,7,31,5.0,0.875,0.875,0.8,8.0,0.375,254.5,851.375,41-50
42,0.0,Non-Travel,495,Research & Development,2,1,Life Sciences,3,Male,37,3,4,Manager,3,Married,17861,26582,0,Yes,13,3,4,0,21,3,2,20,8,2,10,21,40.0,0.4,0.5,0.9523809523809523,6.666666666666667,0.15,247.5,893.05,41-50
25,0.0,Travel_Rarely,622,Sales,13,1,Medical,2,Male,40,3,1,Sales Representative,3,Married,2096,26376,1,No,11,3,3,0,7,1,3,7,4,0,6,18,7.0,0.5714285714285714,0.8571428571428571,1.0,7.0,0.14285714285714285,47.84615384615385,299.42857142857144,15-25
31,1.0,Travel_Rarely,1365,Sales,13,4,Medical,2,Male,46,3,2,Sales Executive,1,Divorced,4233,11512,2,No,17,3,3,0,9,2,1,3,1,1,2,22,4.5,0.3333333333333333,0.6666666666666666,0.3333333333333333,1.5,0.6666666666666666,105.0,1411.0,31-35
41,0.0,Travel_Rarely,483,Research & Development,6,3,Medical,4,Male,95,2,2,Manufacturing Director,2,Single,6032,10110,6,Yes,15,3,4,0,8,3,3,5,4,1,2,33,1.3333333333333333,0.8,0.4,0.625,2.5,0.6,80.5,1206.4,41-50
36,0.0,Travel_Rarely,429,Research & Development,2,4,Life Sciences,3,Female,53,3,2,Manufacturing Director,2,Single,5410,2323,9,Yes,11,3,4,0,18,2,3,16,14,5,12,18,2.0,0.875,0.75,0.8888888888888888,2.6666666666666665,0.125,214.5,338.125,36-40
38,0.0,Travel_Frequently,471,Research & Development,12,3,Life Sciences,1,Male,45,2,2,Healthcare Representative,1,Divorced,6288,4284,2,No,15,3,3,1,13,3,2,4,3,1,2,25,6.5,0.75,0.5,0.3076923076923077,2.0,0.75,39.25,1572.0,36-40
35,0.0,Travel_Rarely,1258,Research & Development,1,4,Life Sciences,4,Female,40,4,1,Research Scientist,3,Single,2506,13301,3,No,13,3,3,0,7,0,3,2,2,2,2,28,2.3333333333333335,1.0,1.0,0.2857142857142857,0.6666666666666666,0.0,1258.0,1253.0,31-35
45,0.0,Non-Travel,1050,Sales,9,4,Life Sciences,2,Female,65,2,2,Sales Executive,3,Married,5593,17970,1,No,13,3,4,1,15,2,3,15,10,4,12,30,15.0,0.6666666666666666,0.8,1.0,3.0,0.13333333333333333,116.66666666666667,372.8666666666667,41-50
47,0.0,Travel_Frequently,217,Sales,3,3,Medical,4,Female,49,3,4,Sales Executive,3,Divorced,13770,10225,9,Yes,12,3,4,2,28,2,2,22,2,11,13,19,3.111111111111111,0.09090909090909091,0.5909090909090909,0.7857142857142857,1.8333333333333333,0.09090909090909091,72.33333333333333,625.9090909090909,41-50
56,0.0,Travel_Rarely,718,Research & Development,4,4,Technical Degree,4,Female,92,3,5,Manager,1,Divorced,19943,18575,4,No,13,3,4,1,28,2,3,5,2,4,2,28,7.0,0.4,0.4,0.17857142857142858,1.0,0.4,179.5,3988.6,51-65
59,0.0,Non-Travel,1420,Human Resources,2,4,Human Resources,3,Female,32,2,5,Manager,4,Married,18844,21922,9,No,21,4,4,1,30,3,3,3,2,2,2,29,3.3333333333333335,0.6666666666666666,0.6666666666666666,0.1,1.0,1.0,710.0,6281.333333333333,51-65
28,1.0,Travel_Rarely,654,Research & Development,1,2,Life Sciences,1,Female,67,1,1,Research Scientist,2,Single,2216,3872,7,Yes,13,3,4,0,10,4,3,7,7,3,7,18,1.4285714285714286,1.0,1.0,0.7,1.75,0.5714285714285714,654.0,316.57142857142856,26-30
50,1.0,Travel_Frequently,959,Sales,1,4,Other,4,Male,81,3,2,Sales Executive,3,Single,4728,17251,3,Yes,14,3,4,0,5,4,3,0,0,0,0,45,1.6666666666666667,,,0.0,0.0,6.0,959.0,18711.0,41-50
30,0.0,Travel_Rarely,946,Research & Development,2,3,Medical,3,Female,52,2,2,Manufacturing Director,4,Single,6877,20234,5,Yes,24,4,2,0,12,4,2,0,0,0,0,18,2.4,,,0.0,0.0,6.0,473.0,18711.0,26-30
30,0.0,Travel_Rarely,125,Research & Development,9,2,Medical,4,Male,83,2,1,Laboratory Technician,3,Single,2206,16117,1,No,13,3,1,0,10,5,3,10,0,1,8,20,10.0,0.0,0.8,1.0,5.0,0.5,13.88888888888889,220.6,26-30
21,0.0,Non-Travel,895,Sales,9,2,Medical,1,Male,39,3,1,Sales Representative,4,Single,2610,2851,1,No,24,4,3,0,3,3,2,3,2,2,2,18,3.0,0.6666666666666666,0.6666666666666666,1.0,1.0,1.0,99.44444444444444,870.0,15-25
35,1.0,Travel_Rarely,622,Research & Development,14,4,Other,3,Male,39,2,1,Laboratory Technician,2,Divorced,3743,10074,1,Yes,24,4,4,1,5,2,1,4,2,0,2,30,5.0,0.5,0.5,0.8,4.0,0.5,44.42857142857143,935.75,31-35
40,0.0,Travel_Rarely,1171,Research & Development,10,4,Life Sciences,4,Female,46,4,1,Laboratory Technician,3,Married,2213,22495,3,Yes,13,3,3,1,10,3,3,7,7,1,7,30,3.3333333333333335,1.0,1.0,0.7,3.5,0.42857142857142855,117.1,316.14285714285717,36-40
56,0.0,Travel_Rarely,832,Research & Development,9,3,Medical,3,Male,81,3,4,Healthcare Representative,4,Married,11103,20420,7,No,11,3,3,0,30,1,2,10,7,1,1,26,4.285714285714286,0.7,0.1,0.3333333333333333,5.0,0.1,92.44444444444444,1110.3,51-65
46,0.0,Travel_Rarely,1450,Research & Development,15,2,Life Sciences,4,Male,52,3,5,Research Director,2,Married,19081,10849,5,No,11,3,1,1,25,2,3,4,2,0,3,21,5.0,0.5,0.75,0.16,4.0,0.5,96.66666666666667,4770.25,41-50
40,0.0,Travel_Rarely,905,Research & Development,19,2,Medical,3,Male,99,3,2,Laboratory Technician,4,Married,2741,16523,8,Yes,15,3,3,1,15,2,4,7,2,3,7,25,1.875,0.2857142857142857,1.0,0.4666666666666667,1.75,0.2857142857142857,47.63157894736842,391.57142857142856,36-40
46,0.0,Travel_Rarely,945,Human Resources,5,2,Medical,2,Male,80,3,2,Human Resources,2,Divorced,5021,10425,8,Yes,22,4,4,1,16,2,3,4,2,0,2,30,2.0,0.5,0.5,0.25,4.0,0.5,189.0,1255.25,41-50
35,0.0,Travel_Rarely,776,Sales,1,4,Marketing,3,Male,32,2,2,Sales Executive,1,Single,4312,23016,0,No,14,3,2,0,16,2,3,15,13,2,8,19,40.0,0.8666666666666667,0.5333333333333333,0.9375,5.0,0.13333333333333333,776.0,287.46666666666664,31-35
40,0.0,Travel_Frequently,593,Research & Development,9,4,Medical,2,Female,88,3,3,Research Director,3,Single,13499,13782,9,No,17,3,3,0,20,3,2,18,7,2,13,20,2.2222222222222223,0.3888888888888889,0.7222222222222222,0.9,6.0,0.16666666666666666,65.88888888888889,749.9444444444445,36-40
36,0.0,Non-Travel,427,Research & Development,8,3,Life Sciences,1,Female,63,4,3,Research Director,1,Married,11713,20335,9,No,14,3,1,1,10,2,3,8,7,0,5,26,1.1111111111111112,0.875,0.625,0.8,8.0,0.25,53.375,1464.125,36-40
43,0.0,Travel_Rarely,930,Research & Development,6,3,Medical,1,Female,73,2,2,Research Scientist,3,Single,4081,20003,1,Yes,14,3,1,0,20,3,1,20,7,1,8,23,20.0,0.35,0.4,1.0,10.0,0.15,155.0,204.05,41-50
31,0.0,Travel_Frequently,444,Sales,5,3,Marketing,4,Female,84,3,1,Sales Representative,2,Divorced,2789,3909,1,No,11,3,3,1,2,5,2,2,2,2,2,29,2.0,1.0,1.0,1.0,0.6666666666666666,2.5,88.8,1394.5,31-35
36,0.0,Travel_Rarely,1041,Human Resources,13,3,Human Resources,3,Male,36,3,1,Human Resources,2,Married,2143,25527,4,No,13,3,2,1,8,2,3,5,2,0,4,28,2.0,0.4,0.8,0.625,5.0,0.4,80.07692307692308,428.6,36-40
36,0.0,Travel_Rarely,363,Research & Development,1,3,Technical Degree,3,Female,77,1,3,Manufacturing Director,1,Divorced,10252,4235,2,Yes,21,4,3,1,17,2,3,7,7,7,7,19,8.5,1.0,1.0,0.4117647058823529,0.875,0.2857142857142857,363.0,1464.5714285714287,36-40
45,0.0,Travel_Rarely,954,Sales,2,2,Technical Degree,2,Male,46,1,2,Sales Representative,3,Single,6632,12388,0,No,13,3,1,0,9,3,3,8,7,3,1,36,40.0,0.875,0.125,0.8888888888888888,2.0,0.375,477.0,829.0,41-50
27,0.0,Non-Travel,1450,Research & Development,3,3,Medical,3,Male,79,2,1,Research Scientist,3,Divorced,2566,25326,1,Yes,15,3,4,1,1,2,2,1,1,0,1,26,1.0,1.0,1.0,1.0,1.0,2.0,483.3333333333333,2566.0,26-30
51,0.0,Travel_Rarely,684,Research & Development,6,3,Life Sciences,1,Male,51,3,5,Research Director,3,Single,19537,6462,7,No,13,3,3,0,23,5,3,20,18,15,15,28,3.2857142857142856,0.9,0.75,0.8695652173913043,1.25,0.25,114.0,976.85,51-65
53,0.0,Travel_Frequently,124,Sales,2,3,Marketing,3,Female,38,2,3,Sales Executive,2,Married,7525,23537,2,No,12,3,1,1,30,2,3,15,7,6,12,23,15.0,0.4666666666666667,0.8,0.5,2.142857142857143,0.13333333333333333,62.0,501.6666666666667,51-65
31,1.0,Travel_Frequently,534,Research & Development,20,3,Life Sciences,1,Male,66,3,3,Healthcare Representative,3,Married,9824,22908,3,No,12,3,1,0,12,2,3,1,0,0,0,19,4.0,0.0,0.0,0.08333333333333333,1.0,2.0,26.7,9824.0,31-35
35,0.0,Travel_Rarely,1343,Research & Development,27,1,Medical,3,Female,53,2,1,Research Scientist,1,Single,2559,17852,1,No,11,3,4,0,6,3,2,6,5,1,1,29,6.0,0.8333333333333334,0.16666666666666666,1.0,3.0,0.5,49.74074074074074,426.5,31-35
27,0.0,Travel_Rarely,1377,Research & Development,11,1,Life Sciences,2,Male,91,3,1,Laboratory Technician,1,Married,2099,7679,0,No,14,3,2,0,6,3,4,5,0,1,4,21,40.0,0.0,0.8,0.8333333333333334,2.5,0.6,125.18181818181819,419.8,26-30
27,0.0,Travel_Rarely,1469,Research & Development,1,2,Medical,4,Male,82,3,1,Laboratory Technician,2,Divorced,3816,17881,1,No,11,3,2,1,5,2,3,5,2,0,4,22,5.0,0.4,0.8,1.0,5.0,0.4,1469.0,763.2,26-30
34,0.0,Travel_Rarely,470,Research & Development,2,4,Life Sciences,4,Male,84,2,2,Manufacturing Director,1,Married,5957,23687,6,No,13,3,2,1,13,3,3,11,9,5,9,21,2.1666666666666665,0.8181818181818182,0.8181818181818182,0.8461538461538461,1.8333333333333333,0.2727272727272727,235.0,541.5454545454545,31-35
24,0.0,Travel_Rarely,1353,Sales,3,2,Other,1,Female,33,3,2,Sales Executive,3,Married,4999,17519,0,No,21,4,1,1,4,2,2,3,2,0,2,20,40.0,0.6666666666666666,0.6666666666666666,0.75,3.0,0.6666666666666666,451.0,1666.3333333333333,15-25
38,0.0,Travel_Frequently,693,Research & Development,7,3,Life Sciences,4,Male,57,4,1,Research Scientist,3,Divorced,2610,15748,1,No,11,3,4,3,4,2,3,4,2,0,3,34,4.0,0.5,0.75,1.0,4.0,0.5,99.0,652.5,36-40
41,0.0,Non-Travel,256,Sales,10,2,Medical,3,Male,40,1,2,Sales Executive,2,Single,6151,22074,1,No,13,3,1,0,19,4,3,19,2,11,9,22,19.0,0.10526315789473684,0.47368421052631576,1.0,1.5833333333333333,0.21052631578947367,25.6,323.7368421052632,41-50
46,0.0,Travel_Rarely,488,Sales,2,3,Technical Degree,3,Female,75,1,4,Manager,2,Married,16872,14977,3,Yes,12,3,2,1,28,2,2,7,7,7,7,18,9.333333333333334,1.0,1.0,0.25,0.875,0.2857142857142857,244.0,2410.285714285714,41-50
30,0.0,Travel_Rarely,1082,Sales,12,3,Technical Degree,2,Female,83,3,2,Sales Executive,3,Single,6577,19558,0,No,11,3,2,0,6,6,3,5,4,4,4,24,40.0,0.8,0.8,0.8333333333333334,1.0,1.2,90.16666666666667,1315.4,26-30
46,0.0,Travel_Rarely,430,Research & Development,1,4,Medical,4,Male,40,3,5,Research Director,4,Divorced,19627,21445,9,No,17,3,4,2,23,0,3,2,2,2,2,23,2.5555555555555554,1.0,1.0,0.08695652173913043,0.6666666666666666,0.0,430.0,9813.5,41-50
27,0.0,Travel_Rarely,975,Research & Development,7,3,Medical,4,Female,55,2,2,Healthcare Representative,1,Single,6811,23398,8,No,19,3,1,0,9,2,1,7,6,0,7,18,1.125,0.8571428571428571,1.0,0.7777777777777778,7.0,0.2857142857142857,139.28571428571428,973.0,26-30
32,0.0,Travel_Frequently,1316,Research & Development,2,2,Life Sciences,4,Female,38,3,2,Research Scientist,3,Single,4998,2338,4,Yes,14,3,4,0,10,2,3,8,7,0,7,22,2.5,0.875,0.875,0.8,8.0,0.25,658.0,624.75,31-35
41,0.0,Travel_Rarely,896,Sales,6,3,Life Sciences,4,Female,75,3,3,Manager,4,Single,13591,14674,3,Yes,18,3,3,0,16,3,3,1,0,0,0,25,5.333333333333333,0.0,0.0,0.0625,1.0,3.0,149.33333333333334,13591.0,41-50
21,1.0,Travel_Frequently,756,Sales,1,1,Technical Degree,1,Female,99,2,1,Sales Representative,2,Single,2174,9150,1,Yes,11,3,3,0,3,3,3,3,2,1,2,18,3.0,0.6666666666666666,0.6666666666666666,1.0,1.5,1.0,756.0,724.6666666666666,15-25
34,0.0,Travel_Frequently,560,Research & Development,1,4,Other,4,Male,91,3,1,Research Scientist,1,Divorced,2996,20284,5,No,14,3,3,2,10,2,3,4,3,1,3,24,2.0,0.75,0.75,0.4,2.0,0.5,560.0,749.0,31-35
36,0.0,Travel_Frequently,566,Research & Development,18,4,Life Sciences,3,Male,81,4,1,Laboratory Technician,4,Married,3688,7122,4,No,18,3,4,2,4,2,3,1,0,0,0,32,1.0,0.0,0.0,0.25,1.0,2.0,31.444444444444443,3688.0,36-40
34,0.0,Travel_Frequently,303,Sales,2,4,Marketing,3,Female,75,3,1,Sales Representative,3,Married,2231,11314,6,No,18,3,4,1,6,3,3,4,3,1,2,28,1.0,0.75,0.5,0.6666666666666666,2.0,0.75,151.5,557.75,31-35
26,1.0,Travel_Rarely,1357,Research & Development,25,3,Life Sciences,1,Male,48,1,1,Laboratory Technician,3,Single,2293,10558,1,No,12,3,3,0,1,2,2,1,0,0,1,25,1.0,0.0,1.0,1.0,1.0,2.0,54.28,2293.0,26-30
48,0.0,Travel_Rarely,969,Research & Development,2,2,Technical Degree,4,Male,76,4,1,Laboratory Technician,2,Single,2559,16620,5,No,11,3,3,0,7,4,2,1,0,0,0,41,1.4,0.0,0.0,0.14285714285714285,1.0,4.0,484.5,2559.0,41-50
53,0.0,Travel_Rarely,1084,Research & Development,13,2,Medical,4,Female,57,4,2,Manufacturing Director,1,Divorced,4450,26250,1,No,11,3,3,2,5,3,3,4,2,1,3,48,5.0,0.5,0.75,0.8,2.0,0.75,83.38461538461539,1112.5,51-65
39,0.0,Travel_Rarely,1498,Sales,21,4,Life Sciences,1,Male,44,2,2,Sales Executive,4,Married,6120,3567,3,Yes,12,3,4,2,8,2,4,5,4,1,4,31,2.6666666666666665,0.8,0.8,0.625,2.5,0.4,71.33333333333333,1224.0,36-40
31,0.0,Travel_Rarely,326,Sales,8,2,Life Sciences,1,Male,31,3,3,Sales Executive,4,Divorced,10793,8386,1,No,18,3,1,1,13,5,3,13,7,9,9,18,13.0,0.5384615384615384,0.6923076923076923,1.0,1.3,0.38461538461538464,40.75,830.2307692307693,31-35
27,0.0,Travel_Frequently,793,Sales,2,1,Life Sciences,4,Male,43,1,2,Sales Executive,4,Single,5071,20392,3,No,20,4,2,0,8,3,3,6,2,0,0,19,2.6666666666666665,0.3333333333333333,0.0,0.75,6.0,0.5,396.5,845.1666666666666,26-30
45,0.0,Travel_Rarely,930,Sales,9,3,Marketing,4,Male,74,3,3,Sales Executive,1,Divorced,10761,19239,4,Yes,12,3,3,1,18,2,3,5,4,0,2,27,4.5,0.8,0.4,0.2777777777777778,5.0,0.4,103.33333333333333,2152.2,41-50
32,0.0,Travel_Frequently,1311,Research & Development,7,3,Life Sciences,2,Male,100,4,1,Laboratory Technician,2,Married,2794,26062,1,No,20,4,3,0,5,3,1,5,1,0,3,27,5.0,0.2,0.6,1.0,5.0,0.6,187.28571428571428,558.8,31-35
56,0.0,Travel_Rarely,1400,Research & Development,7,3,Life Sciences,4,Male,49,1,3,Manufacturing Director,4,Single,7260,21698,4,No,11,3,1,0,37,3,2,6,4,0,2,19,9.25,0.6666666666666666,0.3333333333333333,0.16216216216216217,6.0,0.5,200.0,1210.0,51-65
51,0.0,Travel_Rarely,1169,Research & Development,7,4,Medical,2,Male,34,2,2,Manufacturing Director,3,Married,6132,13983,2,No,17,3,3,0,10,2,3,1,0,0,0,41,5.0,0.0,0.0,0.1,1.0,2.0,167.0,6132.0,51-65
50,0.0,Travel_Rarely,691,Research & Development,2,3,Medical,3,Male,64,3,4,Research Director,3,Married,17639,6881,5,No,16,3,4,0,30,3,3,4,3,0,3,20,6.0,0.75,0.75,0.13333333333333333,4.0,0.75,345.5,4409.75,41-50
28,0.0,Travel_Rarely,950,Research & Development,3,3,Medical,4,Female,93,3,3,Manufacturing Director,2,Divorced,7655,8039,0,No,17,3,2,3,10,3,2,9,7,1,7,18,40.0,0.7777777777777778,0.7777777777777778,0.9,4.5,0.3333333333333333,316.6666666666667,850.5555555555555,26-30
33,1.0,Travel_Frequently,827,Research & Development,29,4,Medical,1,Female,54,2,2,Research Scientist,3,Single,4508,3129,1,No,22,4,2,0,14,4,3,13,7,3,8,19,14.0,0.5384615384615384,0.6153846153846154,0.9285714285714286,3.25,0.3076923076923077,28.517241379310345,346.7692307692308,31-35
29,1.0,Travel_Rarely,906,Research & Development,10,3,Life Sciences,4,Female,92,2,1,Research Scientist,1,Single,2404,11479,6,Yes,20,4,3,0,3,5,3,0,0,0,0,26,0.5,,,0.0,0.0,6.0,90.6,18711.0,26-30
41,0.0,Travel_Rarely,549,Research & Development,7,2,Medical,4,Female,42,3,2,Manufacturing Director,3,Single,5003,23371,6,No,14,3,2,0,8,6,3,2,2,2,1,33,1.3333333333333333,1.0,0.5,0.25,0.6666666666666666,3.0,78.42857142857143,2501.5,41-50
52,1.0,Travel_Rarely,723,Research & Development,8,4,Medical,3,Male,85,2,2,Research Scientist,2,Married,4941,17747,2,No,15,3,1,0,11,3,2,8,2,7,7,41,5.5,0.25,0.875,0.7272727272727273,1.0,0.375,90.375,617.625,51-65
22,1.0,Travel_Frequently,1256,Research & Development,3,4,Life Sciences,3,Male,48,2,1,Research Scientist,4,Married,2853,4223,0,Yes,11,3,2,1,1,5,3,0,0,0,0,21,40.0,,,0.0,0.0,6.0,418.6666666666667,18711.0,15-25
28,0.0,Travel_Rarely,1179,Research & Development,19,4,Medical,4,Male,78,2,1,Laboratory Technician,1,Married,3196,12449,1,No,12,3,3,3,6,2,3,6,5,3,3,22,6.0,0.8333333333333334,0.5,1.0,1.5,0.3333333333333333,62.05263157894737,532.6666666666666,26-30
27,0.0,Travel_Rarely,1115,Research & Development,3,4,Medical,1,Male,54,2,1,Research Scientist,4,Single,2045,15174,0,No,13,3,4,0,5,0,3,4,2,1,1,22,40.0,0.5,0.25,0.8,2.0,0.0,371.6666666666667,511.25,26-30
47,0.0,Travel_Frequently,1309,Sales,4,1,Medical,2,Male,99,3,2,Sales Representative,3,Single,2976,25751,3,No,19,3,1,0,5,3,3,0,0,0,0,42,1.6666666666666667,,,0.0,0.0,6.0,327.25,18711.0,41-50
44,0.0,Non-Travel,489,Research & Development,23,3,Medical,2,Male,67,3,2,Laboratory Technician,2,Married,2042,25043,4,No,12,3,3,1,17,3,4,3,2,1,2,27,4.25,0.6666666666666666,0.6666666666666666,0.17647058823529413,1.5,1.0,21.26086956521739,680.6666666666666,41-50
33,0.0,Travel_Rarely,931,Research & Development,14,3,Medical,4,Female,72,3,1,Research Scientist,2,Married,2756,4673,1,No,13,3,4,1,8,5,3,8,7,1,6,25,8.0,0.875,0.75,1.0,4.0,0.625,66.5,344.5,31-35
35,0.0,Travel_Rarely,819,Research & Development,2,3,Life Sciences,3,Male,44,2,3,Manufacturing Director,2,Divorced,10274,19588,2,No,18,3,2,1,15,2,4,7,7,6,4,20,7.5,1.0,0.5714285714285714,0.4666666666666667,1.0,0.2857142857142857,409.5,1467.7142857142858,31-35
45,0.0,Travel_Rarely,193,Research & Development,6,4,Other,4,Male,52,3,3,Research Director,1,Married,13245,15067,4,Yes,14,3,2,0,17,3,4,0,0,0,0,28,4.25,,,0.0,0.0,6.0,32.166666666666664,18711.0,41-50
35,0.0,Travel_Rarely,583,Research & Development,25,4,Medical,3,Female,57,3,3,Healthcare Representative,3,Divorced,10388,6975,1,Yes,11,3,3,1,16,3,2,16,10,10,1,19,16.0,0.625,0.0625,1.0,1.4545454545454546,0.1875,23.32,649.25,31-35
34,0.0,Travel_Rarely,1354,Research & Development,5,3,Medical,3,Female,45,2,3,Manager,1,Single,11631,5615,2,No,12,3,4,0,14,6,3,11,10,5,8,20,7.0,0.9090909090909091,0.7272727272727273,0.7857142857142857,1.8333333333333333,0.5454545454545454,270.8,1057.3636363636363,31-35
24,0.0,Travel_Rarely,1476,Sales,4,1,Medical,4,Female,42,3,2,Sales Executive,3,Married,4162,15211,1,Yes,12,3,3,2,5,3,3,5,4,0,3,19,5.0,0.8,0.6,1.0,5.0,0.6,369.0,832.4,15-25
26,1.0,Travel_Rarely,950,Sales,4,4,Marketing,4,Male,48,2,2,Sales Executive,4,Single,5828,8450,1,Yes,12,3,2,0,8,0,3,8,7,7,4,18,8.0,0.875,0.5,1.0,1.0,0.0,237.5,728.5,26-30
32,0.0,Travel_Rarely,499,Sales,2,1,Marketing,3,Male,36,3,2,Sales Executive,2,Married,4078,20497,0,Yes,13,3,1,3,4,3,2,3,2,1,2,28,40.0,0.6666666666666666,0.6666666666666666,0.75,1.5,1.0,249.5,1359.3333333333333,31-35
43,0.0,Travel_Rarely,1273,Research & Development,2,2,Medical,4,Female,72,4,1,Research Scientist,3,Divorced,2645,21923,1,No,12,3,4,2,6,3,2,5,3,1,4,37,6.0,0.6,0.8,0.8333333333333334,2.5,0.6,636.5,529.0,41-50
34,0.0,Travel_Rarely,1346,Research & Development,19,2,Medical,2,Male,93,3,1,Laboratory Technician,4,Divorced,2661,8758,0,No,11,3,3,1,3,2,3,2,2,1,2,31,40.0,1.0,1.0,0.6666666666666666,1.0,1.0,70.84210526315789,1330.5,31-35
37,0.0,Travel_Rarely,124,Research & Development,3,3,Other,4,Female,35,3,2,Healthcare Representative,2,Single,4107,13848,3,No,15,3,1,0,8,3,2,4,3,0,1,29,2.6666666666666665,0.75,0.25,0.5,4.0,0.75,41.333333333333336,1026.75,36-40
32,0.0,Travel_Rarely,859,Research & Development,4,3,Life Sciences,3,Female,98,2,2,Manufacturing Director,3,Married,6162,19124,1,No,12,3,3,1,14,3,3,14,13,6,8,18,14.0,0.9285714285714286,0.5714285714285714,1.0,2.0,0.21428571428571427,214.75,440.14285714285717,31-35
31,0.0,Travel_Rarely,106,Human Resources,2,3,Human Resources,1,Male,62,2,2,Human Resources,1,Married,6410,17822,3,No,12,3,4,0,9,1,3,2,2,1,0,22,3.0,1.0,0.0,0.2222222222222222,1.0,0.5,53.0,3205.0,31-35
25,0.0,Non-Travel,675,Research & Development,5,2,Life Sciences,2,Male,85,4,2,Healthcare Representative,1,Divorced,4000,18384,1,No,12,3,4,2,6,2,3,6,3,1,5,19,6.0,0.5,0.8333333333333334,1.0,3.0,0.3333333333333333,135.0,666.6666666666666,15-25
30,0.0,Travel_Rarely,1334,Sales,4,2,Medical,3,Female,63,2,2,Sales Executive,2,Divorced,5209,19760,1,Yes,12,3,2,3,11,4,2,11,8,2,7,19,11.0,0.7272727272727273,0.6363636363636364,1.0,3.6666666666666665,0.36363636363636365,333.5,473.54545454545456,26-30
28,1.0,Travel_Frequently,1009,Research & Development,1,3,Medical,1,Male,45,2,1,Laboratory Technician,2,Divorced,2596,7160,1,No,15,3,1,2,1,2,3,1,0,0,0,27,1.0,0.0,0.0,1.0,1.0,2.0,1009.0,2596.0,26-30
35,0.0,Travel_Rarely,672,Research & Development,25,3,Technical Degree,4,Male,78,2,3,Manufacturing Director,2,Married,10903,9129,3,No,16,3,1,0,16,2,3,13,10,4,8,19,5.333333333333333,0.7692307692307693,0.6153846153846154,0.8125,2.6,0.15384615384615385,26.88,838.6923076923077,31-35
33,0.0,Travel_Rarely,654,Research & Development,5,3,Life Sciences,4,Male,34,2,3,Healthcare Representative,4,Divorced,7119,21214,4,No,15,3,3,1,9,2,3,3,2,1,2,24,2.25,0.6666666666666666,0.6666666666666666,0.3333333333333333,1.5,0.6666666666666666,130.8,2373.0,31-35
30,0.0,Travel_Rarely,570,Sales,5,3,Marketing,4,Female,30,2,2,Sales Executive,3,Divorced,6118,5431,1,No,13,3,3,3,10,2,3,10,9,1,2,20,10.0,0.9,0.2,1.0,5.0,0.2,114.0,611.8,26-30
24,0.0,Non-Travel,1092,Research & Development,9,3,Life Sciences,3,Male,60,2,1,Laboratory Technician,2,Divorced,2694,26551,1,No,11,3,3,3,1,4,3,1,0,0,0,23,1.0,0.0,0.0,1.0,1.0,4.0,121.33333333333333,2694.0,15-25
45,0.0,Non-Travel,805,Research & Development,4,2,Life Sciences,3,Male,57,3,2,Laboratory Technician,2,Married,4447,23163,1,No,12,3,2,0,9,5,2,9,7,0,8,36,9.0,0.7777777777777778,0.8888888888888888,1.0,9.0,0.5555555555555556,201.25,494.1111111111111,41-50
25,0.0,Travel_Rarely,959,Sales,28,3,Life Sciences,1,Male,41,2,2,Sales Executive,3,Married,8639,24835,2,No,18,3,4,0,6,3,3,2,2,2,2,19,3.0,1.0,1.0,0.3333333333333333,0.6666666666666666,1.5,34.25,4319.5,15-25
35,0.0,Travel_Rarely,1214,Research & Development,1,3,Medical,2,Male,30,2,1,Research Scientist,3,Single,2859,26278,1,No,18,3,1,0,6,3,3,6,4,0,4,29,6.0,0.6666666666666666,0.6666666666666666,1.0,6.0,0.5,1214.0,476.5,31-35
48,0.0,Travel_Rarely,1469,Research & Development,20,4,Medical,4,Male,51,3,1,Research Scientist,3,Married,2259,5543,4,No,17,3,1,2,13,2,2,0,0,0,0,35,3.25,,,0.0,0.0,6.0,73.45,18711.0,41-50
53,0.0,Travel_Rarely,1282,Research & Development,5,3,Other,3,Female,58,3,5,Manager,3,Divorced,19094,10735,4,No,11,3,4,1,26,3,2,14,13,4,8,27,6.5,0.9285714285714286,0.5714285714285714,0.5384615384615384,2.8,0.21428571428571427,256.4,1363.857142857143,51-65
31,0.0,Travel_Rarely,154,Sales,7,4,Life Sciences,2,Male,41,2,1,Sales Representative,3,Married,2329,11737,3,No,15,3,2,0,13,2,4,7,7,5,2,18,4.333333333333333,1.0,0.2857142857142857,0.5384615384615384,1.1666666666666667,0.2857142857142857,22.0,332.7142857142857,31-35
58,0.0,Travel_Rarely,848,Research & Development,23,4,Life Sciences,1,Male,88,3,1,Research Scientist,3,Divorced,2372,26076,1,No,12,3,4,2,2,3,3,2,2,2,2,56,2.0,1.0,1.0,1.0,0.6666666666666666,1.5,36.869565217391305,1186.0,51-65
31,1.0,Travel_Frequently,703,Sales,2,3,Life Sciences,3,Female,90,2,1,Sales Representative,4,Single,2785,11882,7,No,14,3,3,0,3,3,4,1,0,0,0,28,0.42857142857142855,0.0,0.0,0.3333333333333333,1.0,3.0,351.5,2785.0,31-35
39,0.0,Travel_Rarely,903,Sales,2,5,Life Sciences,1,Male,41,4,3,Sales Executive,3,Single,7880,2560,0,No,18,3,4,0,9,3,3,8,7,0,7,30,40.0,0.875,0.875,0.8888888888888888,8.0,0.375,451.5,985.0,36-40
51,0.0,Travel_Rarely,1469,Research & Development,8,4,Life Sciences,2,Male,81,2,3,Research Director,2,Married,12490,15736,5,No,16,3,4,2,16,5,1,10,9,4,7,35,3.2,0.9,0.7,0.625,2.0,0.5,183.625,1249.0,51-65
41,0.0,Travel_Frequently,1018,Sales,1,3,Marketing,3,Female,66,3,2,Sales Executive,1,Divorced,4103,4297,0,No,17,3,4,1,10,2,3,9,3,1,7,31,40.0,0.3333333333333333,0.7777777777777778,0.9,4.5,0.2222222222222222,1018.0,455.8888888888889,41-50
29,0.0,Travel_Frequently,490,Research & Development,10,3,Life Sciences,4,Female,61,3,1,Research Scientist,2,Divorced,3291,17940,0,No,14,3,4,2,8,2,2,7,5,1,1,21,40.0,0.7142857142857143,0.14285714285714285,0.875,3.5,0.2857142857142857,49.0,470.14285714285717,26-30
58,1.0,Travel_Frequently,781,Research & Development,2,1,Life Sciences,4,Male,57,2,1,Laboratory Technician,4,Divorced,2380,13384,9,Yes,14,3,4,1,3,3,2,1,0,0,0,55,0.3333333333333333,0.0,0.0,0.3333333333333333,1.0,3.0,390.5,2380.0,51-65
49,0.0,Travel_Frequently,279,Research & Development,8,1,Life Sciences,3,Male,61,2,2,Research Scientist,2,Married,5130,24907,1,No,23,4,4,1,10,3,3,10,7,1,7,39,10.0,0.7,0.7,1.0,5.0,0.3,34.875,513.0,41-50
51,0.0,Travel_Rarely,833,Research & Development,1,3,Life Sciences,3,Male,96,3,1,Research Scientist,4,Married,2723,23231,1,No,11,3,2,0,1,0,2,1,0,0,0,50,1.0,0.0,0.0,1.0,1.0,0.0,833.0,2723.0,51-65
24,0.0,Travel_Rarely,823,Research & Development,17,2,Other,4,Male,94,2,1,Laboratory Technician,2,Married,2127,9100,1,No,21,4,4,1,1,2,3,1,0,0,0,23,1.0,0.0,0.0,1.0,1.0,2.0,48.411764705882355,2127.0,15-25
39,1.0,Travel_Rarely,360,Research & Development,23,3,Medical,3,Male,93,3,1,Research Scientist,1,Single,3904,22154,0,No,13,3,1,0,6,2,3,5,2,0,3,33,40.0,0.4,0.6,0.8333333333333334,5.0,0.4,15.652173913043478,780.8,36-40
52,0.0,Travel_Rarely,1323,Research & Development,2,3,Life Sciences,3,Female,89,2,1,Laboratory Technician,4,Single,3212,3300,7,No,15,3,2,0,6,3,2,2,2,2,2,46,0.8571428571428571,1.0,1.0,0.3333333333333333,0.6666666666666666,1.5,661.5,1606.0,51-65
35,0.0,Travel_Rarely,1017,Research & Development,6,4,Life Sciences,2,Male,82,1,2,Research Scientist,4,Single,6646,19368,1,No,13,3,2,0,17,3,3,17,11,11,8,18,17.0,0.6470588235294118,0.47058823529411764,1.0,1.4166666666666667,0.17647058823529413,169.5,390.94117647058823,31-35
45,1.0,Travel_Rarely,1449,Sales,2,3,Marketing,1,Female,94,1,5,Manager,2,Single,18824,2493,2,Yes,16,3,1,0,26,2,3,24,10,1,11,19,13.0,0.4166666666666667,0.4583333333333333,0.9230769230769231,12.0,0.08333333333333333,724.5,784.3333333333334,41-50
30,0.0,Travel_Rarely,153,Research & Development,8,2,Life Sciences,2,Female,73,4,3,Research Director,1,Married,11416,17802,0,Yes,12,3,3,3,9,4,2,8,7,1,7,21,40.0,0.875,0.875,0.8888888888888888,4.0,0.5,19.125,1427.0,26-30
26,1.0,Non-Travel,265,Sales,29,2,Medical,2,Male,79,1,2,Sales Executive,1,Single,4969,21813,8,No,18,3,4,0,7,6,3,2,2,2,2,19,0.875,1.0,1.0,0.2857142857142857,0.6666666666666666,3.0,9.137931034482758,2484.5,26-30
34,0.0,Travel_Rarely,629,Research & Development,27,2,Medical,4,Female,95,3,1,Research Scientist,2,Single,2311,5711,2,No,15,3,4,0,9,3,3,3,2,1,2,25,4.5,0.6666666666666666,0.6666666666666666,0.3333333333333333,1.5,1.0,23.296296296296298,770.3333333333334,31-35
51,0.0,Travel_Frequently,968,Research & Development,6,2,Medical,2,Female,40,2,1,Laboratory Technician,3,Single,2838,4257,0,No,14,3,2,0,8,6,2,7,0,7,7,43,40.0,0.0,1.0,0.875,0.875,0.8571428571428571,161.33333333333334,405.42857142857144,51-65
38,0.0,Travel_Rarely,322,Sales,7,2,Medical,1,Female,44,4,2,Sales Executive,1,Divorced,5605,19191,1,Yes,24,4,3,1,8,3,3,8,0,7,7,30,8.0,0.0,0.875,1.0,1.0,0.375,46.0,700.625,36-40
44,0.0,Travel_Rarely,661,Research & Development,9,2,Life Sciences,2,Male,61,3,1,Research Scientist,1,Married,2559,7508,1,Yes,13,3,4,0,8,0,3,8,7,7,1,36,8.0,0.875,0.125,1.0,1.0,0.0,73.44444444444444,319.875,41-50
42,0.0,Travel_Frequently,532,Research & Development,29,2,Life Sciences,1,Female,92,3,2,Research Scientist,3,Divorced,4556,12932,2,No,11,3,2,1,19,3,3,5,4,0,2,23,9.5,0.8,0.4,0.2631578947368421,5.0,0.6,18.344827586206897,911.2,41-50
38,0.0,Travel_Rarely,827,Research & Development,1,4,Life Sciences,2,Female,33,4,2,Healthcare Representative,4,Single,7625,19383,0,No,13,3,3,0,10,4,2,9,7,1,8,28,40.0,0.7777777777777778,0.8888888888888888,0.9,4.5,0.4444444444444444,827.0,847.2222222222222,36-40
40,1.0,Travel_Rarely,299,Sales,25,4,Marketing,4,Male,57,2,3,Sales Executive,2,Single,9094,17235,2,Yes,12,3,3,0,9,2,3,5,4,1,0,31,4.5,0.8,0.0,0.5555555555555556,2.5,0.4,11.96,1818.8,36-40
34,0.0,Travel_Rarely,1153,Research & Development,1,2,Medical,1,Male,94,3,2,Manufacturing Director,2,Married,4325,17736,1,No,15,3,3,0,5,2,3,5,2,1,3,29,5.0,0.4,0.6,1.0,2.5,0.4,1153.0,865.0,31-35
29,1.0,Travel_Rarely,896,Research & Development,18,1,Medical,3,Male,86,2,1,Research Scientist,4,Single,2389,14961,1,Yes,13,3,3,0,4,3,2,4,3,0,1,25,4.0,0.75,0.25,1.0,4.0,0.75,49.77777777777778,597.25,26-30
27,0.0,Travel_Rarely,1167,Research & Development,4,2,Life Sciences,1,Male,76,3,1,Research Scientist,3,Divorced,2517,3208,1,No,11,3,2,3,5,2,3,5,3,0,3,22,5.0,0.6,0.6,1.0,5.0,0.4,291.75,503.4,26-30
54,0.0,Travel_Rarely,1217,Research & Development,2,4,Technical Degree,1,Female,60,3,3,Research Director,3,Married,13549,24001,9,No,12,3,1,1,16,5,1,4,3,0,3,38,1.7777777777777777,0.75,0.75,0.25,4.0,1.25,608.5,3387.25,51-65
48,0.0,Non-Travel,1262,Research & Development,1,4,Medical,1,Male,35,4,4,Manager,4,Single,16885,16154,2,No,22,4,3,0,27,3,2,5,4,2,1,21,13.5,0.8,0.2,0.18518518518518517,1.6666666666666667,0.6,1262.0,3377.0,41-50
44,0.0,Travel_Rarely,1467,Research & Development,20,3,Life Sciences,4,Male,49,3,1,Research Scientist,2,Single,3420,21158,1,No,13,3,3,0,6,3,2,5,2,1,3,38,6.0,0.4,0.6,0.8333333333333334,2.5,0.6,73.35,684.0,41-50
53,0.0,Travel_Rarely,238,Sales,1,1,Medical,4,Female,34,3,2,Sales Executive,1,Single,8381,7507,7,No,20,4,4,0,18,2,4,14,7,8,10,35,2.5714285714285716,0.5,0.7142857142857143,0.7777777777777778,1.5555555555555556,0.14285714285714285,238.0,598.6428571428571,51-65
28,1.0,Non-Travel,1366,Research & Development,24,2,Technical Degree,2,Male,72,2,3,Healthcare Representative,1,Single,8722,12355,1,No,12,3,1,0,10,2,2,10,7,1,9,18,10.0,0.7,0.9,1.0,5.0,0.2,56.916666666666664,872.2,26-30
38,0.0,Travel_Rarely,168,Research & Development,1,3,Life Sciences,3,Female,81,3,3,Manufacturing Director,3,Single,7861,15397,4,Yes,14,3,4,0,10,4,4,1,0,0,0,28,2.5,0.0,0.0,0.1,1.0,4.0,168.0,7861.0,36-40
28,1.0,Travel_Rarely,1485,Research & Development,12,1,Life Sciences,3,Female,79,3,1,Laboratory Technician,4,Married,2515,22955,1,Yes,11,3,4,0,1,4,2,1,1,0,0,27,1.0,1.0,0.0,1.0,1.0,4.0,123.75,2515.0,26-30
40,0.0,Non-Travel,458,Research & Development,16,2,Life Sciences,3,Male,74,3,1,Research Scientist,3,Divorced,3544,8532,9,No,16,3,2,1,6,0,3,4,2,0,0,34,0.6666666666666666,0.5,0.0,0.6666666666666666,4.0,0.0,28.625,886.0,36-40
19,1.0,Travel_Frequently,602,Sales,1,1,Technical Degree,3,Female,100,1,1,Sales Representative,1,Single,2325,20989,0,No,21,4,1,0,1,5,4,0,0,0,0,18,40.0,,,0.0,0.0,6.0,602.0,18711.0,15-25
